order_id,distance_km,delivery_time_min,order_value_sgd,vehicle_type,traffic_level,weather,time_of_day,area,customer_rating
SG10001,6.5,40,37.18,Car,Low,Clear,Evening,Central,4.7
SG10002,8.5,45,32.93,Bicycle,Low,Clear,Evening,North-East,
SG10003,5.8,39,77.56,Bicycle,Medium,Clear,Morning,Central,3.8
SG10004,5.3,35,35.94,Motorcycle,Low,,Morning,North,4.8
SG10005,9.2,50,30.41,Bicycle,Low,Cloudy,Evening,West,4.3
SG10006,5.6,48,50.93,Car,High,N/A,Afternoon,East,4.4
SG10007,7.2,40,9.84,Motorcycle,Medium,Cloudy,Night,Central,4.4
SG10008,6.8,47,34.65,Motorcycle,Medium,Clear,Evening,North,4.6
SG10009,9.2,41,61.28,Motorcycle,Low,Rainy,Afternoon,Central,5
SG10010,4.7,33,30.27,Motorcycle,Medium,Clear,Evening,Central,4.7
SG10011,11.1,39,14.36,Bicycle,N/A,Cloudy,Night,North,4.8
SG10012,4,36,26.04,Motorcycle,Medium,Clear,Afternoon,East,5
SG10013,7.5,42,52.91,Motorcycle,Low,Cloudy,Evening,East,4.4
SG10014,7,53,38.47,Bicycle,High,Clear,Night,Central,
SG10015,3.8,46,20.1,Bicycle,High,Rainy,Afternoon,North-East,4.5
SG10016,7.9,47,25.4,Bicycle,Low,Clear,Night,East,5
SG10017,5,36,24.69,Bicycle,Low,Rainy,Morning,Central,5
SG10018,3,33,35.07,Bicycle,Low,Clear,Evening,East,5
SG10019,8.5,65,52.2,Bicycle,Medium,Rainy,Evening,Central,4.1
SG10020,2.3,34,43.5,Bicycle,Low,Rainy,Evening,East,4.5
SG10021,3.4,45,36.61,Motorcycle,High,Rainy,Afternoon,Central,4.6
SG10022,5.8,55,15.31,Bicycle,High,Clear,Evening,Central,4.7
SG10023,9.2,66,18.06,Motorcycle,High,Clear,Morning,East,4.1
SG10024,8.2,42,41.48,Bike,Medium,Clear,Morning,North-East,4.5
SG10025,6.5,55,15.67,Motorcycle,High,Clear,Afternoon,Central,4.2
SG10026,1.8,37,26.51,Car,Low,Cloudy,Evening,Central,
SG10027,3.9,47,35.05,Bicycle,Medium,Rainy,Afternoon,North-East,5
SG10028,4.4,36,16.76,Motorcycle,Medium,Rainy,Afternoon,North-East,4.5
SG10029,2.9,48,16.99,Bicycle,High,RAINY,Night,North,4.2
SG10030,1.5,20,27.97,Motorcycle,Medium,Cloudy,Afternoon,Central,5
SG10031,6,67,39.31,Bicycle,High,Rainy,Afternoon,East,4.8
SG10032,8.3,51,48.47,Bicycle,Low,Rainy,Afternoon,Central,4.9
SG10033,4.2,31,39.27,Bicycle,High,Clear,Morning,Central,4.3
SG10034,9.1,54,36.22,Bicycle,Medium,Cloudy,Evening,East,4.2
SG10035,2.1,38,19.97,Motorcycle,Medium,N/A,Afternoon,West,4.3
SG10036,2.8,35,16.29,Motorcycle,High,N/A,Morning,East,4.7
SG10037,5.9,41,26.06,Car,Medium,Clear,Night,West,5
SG10038,4,N/A,36.52,Bicycle,Medium,Rainy,Evening,East,3.9
SG10039,7.9,47,38.72,Motorcycle,Medium,Rainy,Evening,East,3.8
SG10040,7.2,46,7,Motorcycle,Low,,Evening,North,4.2
SG10041,4.2,38,21.13,Motorcycle,Medium,Rainy,Night,North-East,4.8
SG10042,2.2,20,45.44,Motorcycle,Low,Clear,Afternoon,East,5
SG10043,3.9,36,32.13,Motorcycle,Low,Clear,Evening,West,5
SG10044,7.3,51,15.39,Motorcycle,High,Cloudy,Evening,East,N/A
SG10045,8.1,50,65.12,Car,Medium,Cloudy,Afternoon,Central,3.7
SG10046,4,32,30.82,Motorcycle,Medium,Clear,Afternoon,North,5
SG10047,1.5,18,34.19,Motorcycle,Medium,Cloudy,Morning,Central,5
SG10048,2,24,34.8,Motorcycle,Medium,Clear,Evening,East,5
SG10049,6.9,45,28.75,Motorcycle,Medium,Cloudy,Evening,West,4
SG10050,4.1,60,21.85,Bicycle,High,Clear,Evening,Central,4.2
SG10051,4.2,44,58.94,Motorcycle,High,Clear,Afternoon,Central,4.7
SG10052,2.7,23,43.23,Bicycle,Medium,Clear,Morning,East,5
SG10053,2.7,18,40.85,Bicycle,N/A,Clear,Afternoon,North-East,4.4
SG10054,9,60,42.69,Motorcycle,Medium,Rainy,Evening,West,4.2
SG10055,7.1,41,20.61,Bicycle,Medium,Clear,Night,East,4.2
SG10056,3.5,38,47.44,Car,Medium,Clear,Night,Central,4.9
SG10057,5.6,37,21.53,Motorcycle,N/A,Rainy,Night,West,5
SG10058,6.2,45,36.66,Motorcycle,Medium,Cloudy,Evening,Central,5
SG10059,13.6,61,17.53,Car,Medium,Clear,Night,West,4
SG10060,2.5,30,7,Car,Medium,Clear,Afternoon,North,5
SG10061,6.2,33,37.08,Motorcycle,Medium,Clear,Morning,East,5
SG10062,9,39,24.65,Motorcycle,Low,Cloudy,Morning,East,4
SG10063,12.6,50,12.24,Motorcycle,Low,Clear,Afternoon,Central,4.7
SG10064,3.4,35,37.76,Bicycle,Medium,Clear,Afternoon,Central,5
SG10065,4.1,35,58.84,Motorcycle,Medium,Clear,Morning,East,4.7
SG10066,8,33,52.45,Motorcycle,Low,Cloudy,Night,North-East,4.3
SG10067,1.8,23,26.08,Bicycle,Medium,Clear,Morning,Central,5
SG10068,6.6,66,33.36,Car,High,Rainy,Night,West,3.5
SG10069,16.5,63,52.71,Bicycle,Low,Clear,Evening,North,4.1
SG10070,7,52,48.17,Motorcycle,High,Cloudy,Evening,Central,4.4
SG10071,1,37,24.36,Motorcycle,High,Clear,Evening,Central,5
SG10072,3,34,30.84,Car,Medium,Clear,Afternoon,East,4.5
SG10073,3.5,37,34.7,Car,Medium,Clear,Evening,North,4.4
SG10074,10.2,47,43.37,Motorcycle,Low,N/A,Morning,East,4.5
SG10075,4.8,53,30.12,Bicycle,High,Rainy,Night,North,4.8
SG10076,1.5,27,27.64,Motorcycle,Medium,Clear,Afternoon,North-East,5
SG10077,5.2,32,50.07,Motorcycle,High,Clear,Afternoon,North,4.2
SG10078,5.8,58,48.39,Motorcycle,Medium,,Evening,North-East,
SG10079,3.8,31,37.24,Motorcycle,Low,Cloudy,Evening,North,4.4
SG10080,2.7,26,52.48,Motorcycle,Low,Clear,Afternoon,North-East,5
SG10081,17.5,67,36.99,Car,Medium,Clear,Evening,North-East,3.6
SG10082,9,42,56.28,Motorcycle,Medium,Cloudy,Morning,North,
SG10083,9.5,42,42.63,Motorcycle,Low,Cloudy,Evening,North,4.3
SG10084,4.8,43,74.38,Motorcycle,Medium,Cloudy,Afternoon,North-East,4.6
SG10085,3.4,91,15.2,Motorcycle,High,Rainy,Afternoon,West,3.7
SG10086,3.9,104,22.17,Motorcycle,Medium,Clear,Morning,West,3.5
SG10087,2.1,29,35.11,Bicycle,Medium,Clear,Afternoon,West,4.9
SG10088,13.4,47,43.89,Motorcycle,Low,Clear,Afternoon,North-East,3.9
SG10089,4.9,47,57.31,Bicycle,High,Clear,Afternoon,East,4.8
SG10090,11.6,59,28.61,Car,Medium,Clear,Morning,North,4.2
SG10091,4,30,42.99,Motorcycle,High,Clear,Morning,North,5
SG10092,7,41,48.75,Car,Medium,Clear,Evening,North-East,4.3
SG10093,6,31,41.99,Car,Medium,Cloudy,Morning,Central,4.1
SG10094,1.9,24,17.06,Bicycle,Low,Clear,Evening,North,5
SG10095,14.4,50,57.83,Bicycle,Low,Clear,Night,North,5
SG10096,4.1,40,47.27,Bicycle,High,Cloudy,Afternoon,North-East,4.7
SG10097,2.4,28,37.7,Bicycle,Medium,Cloudy,Night,North-East,4.8
SG10098,8,43,37.07,Bicycle,Medium,Rainy,Morning,West,4.2
SG10099,5.3,45,35.21,Motorcycle,High,Rainy,Morning,West,5
SG10100,6.7,64,32.3,Car,High,Cloudy,Evening,Central,3.7
SG10101,5.7,56,40.88,Bicycle,High,Clear,Evening,North-East,4
SG10102,1.1,29,29.29,Bicycle,Low,Clear,Evening,Central,5
SG10103,2.9,24,19.31,Motorcycle,Medium,Cloudy,Morning,North,4.2
SG10104,2.9,34,16.65,Motorcycle,High,Clear,Evening,North,5
SG10105,9.4,40,25.73,Motorcycle,Medium,,Afternoon,East,5
SG10106,5.5,29,35.26,Motorcycle,Low,Clear,Afternoon,Central,5
SG10107,7.3,52,33.49,Motorcycle,High,Clear,Morning,Central,4.7
SG10108,4.3,34,34.22,Motorcycle,Medium,Clear,Night,North-East,4.7
SG10109,7.5,42,40.53,Motorcycle,Medium,Clear,Morning,West,4.1
SG10110,4.8,51,23.7,Motorcycle,High,Rainy,Evening,Central,4.4
SG10111,4.6,46,50.73,Motorcycle,Medium,Rainy,Evening,North,4.1
SG10112,6,43,29.33, bicycle ,Medium,Clear,Evening,Central,4.8
SG10113,5.7,47,26.91,Motorcycle,Medium,Rainy,Evening,North-East,4.9
SG10114,18,81,48.67,Motorcycle,Medium,Clear,Evening,East,4.4
SG10115,2.9,20,7,motorcycle,Low,Rainy,Morning,Central,5
SG10116,1.8,40,19.16,Motorcycle,High,Rainy,Morning,Central,
SG10117,6.6,57,46,Motorcycle,High,Clear,Evening,West,4.1
SG10118,3.2,30,7.97,Bicycle,Low,Rainy,Afternoon,East,4.7
SG10119,1,31,43.35,Car,Medium,Rainy,Morning,North,5
SG10120,2.5,41,49.62,Motorcycle,High,Rainy,Morning,West,4.5
SG10121,18,73,37.6,Bicycle,Low,Rainy,Afternoon,East,4.1
SG10122,2.9,about 30,34.08,Motorcycle,Medium,Cloudy,Morning,East,4.6
SG10123,1.4,26,43.67,Motorcycle,Medium,Clear,Morning,East,4.6
SG10124,17.5,74,35.95,Motorcycle,Medium,Rainy,Night,North-East,4.2
SG10125,2.4,27,41.21,Motorcycle,Low,Cloudy,Afternoon,Central,5
SG10126,18,67,33.68,Bicycle,Medium,Cloudy,Night,North-East,3.6
SG10127,4.2,35,25.12,Bicycle,Medium,Clear,Night,East,5
SG10128,14.4,59,29.17,Bicycle,Medium,Cloudy,Morning,Central,4
SG10129,4.5,30,36.08,Motorcycle,Low,Clear,Evening,Central,4.9
SG10130,7.1,61,48.71,Bicycle,Medium,Cloudy,Evening,Central,4.8
SG10131,4.9,39,29.52,Motorcycle,Medium,Clear,Evening,North,5
SG10132,4.6,21,15.12,Motorcycle,Low,Cloudy,Morning,West,5
SG10133,6.2,38,18.91,Motorcycle,Low,Rainy,Morning,East,5
SG10134,7.2,30,38.91,Bicycle,Low,Clear,Morning,North,4.6
SG10135,5.9,39,56.71,Car,Medium,Clear,Evening,West,4.2
SG10136,5.5,22,37.55,Motorcycle,Low,Clear,Night,North-East,4.7
SG10137,3.2,49,25.54,Motorcycle,High,rain,Evening,North-East,4.4
SG10138,5,50,41.97,Bicycle,Medium,Cloudy,Evening,North,3.4
SG10139,13.4,69,35.58,Bicycle,High,Clear,Night,North,3.9
SG10140,3.1,45,25.58,Motorcycle,High,Clear,Evening,North,4.3
SG10141,6.3,29,20.61,Bicycle,Low,Clear,Morning,West,
SG10142,10.9,56,55.06,Bicycle,Medium,Clear,Evening,North,4.5
SG10143,7.3,63,7,Car,High,Cloud,Afternoon,Central,3.9
SG10144,9.4,42,45.93,Motorcycle,Medium,Cloudy,Morning,North,4.9
SG10145,2.4,31,23.88,Car,Medium,Clear,Afternoon,North-East,5
SG10146,6.4,45,27.75,Motorcycle,Medium,Rainy,Night,Central,4.2
SG10147,4.4,29,53.51,car,Low,,Afternoon,North-East,4.7
SG10148,4.5,42,22.33,Motorcycle,N/A,,Afternoon,North-East,3.6
SG10149,12.7,69,29.3,Motorcycle,High,Clear,Morning,Central,3.5
SG10150,4.6,42,29.95,Motorcycle,High,Cloudy,Morning,West,4.3
SG10151,6.5,44,38.57,Motorcycle,Low,Rainy,Morning,North-East,4.6
SG10152,1.4,32,23.38,Motorcycle,Medium,Clear,Evening,North-East,4.4
SG10153,14.4,57,19.09,Motorcycle,Medium,Cloudy,Evening,Central,4.1
SG10154,9.1,54,24.04,Motorcycle,High,Rainy,Morning,East,3.8
SG10155,5.1,25,48.77,Motorcycle,Low,Clear,Afternoon,North,5
SG10156,4.3,40,32.38,Bicycle,High,Clear,Morning,Central,4.8
SG10157,7.7,54,40.05,Car,High,Cloudy,Morning,East,4.5
SG10158,10.9,55,33.28,Bicycle,Low,Clear,Evening,Central,4.3
SG10159,14.6,63,31.07,Motorcycle,N/A,Clear,Evening,Central,
SG10160,8.9,59,56.95,Motorcycle,High,Clear,Evening,West,4
SG10161,5.6,40,30.03,Car,Low,Rainy,Afternoon,West,N/A
SG10162,9.8,40,30.06,Motorcycle,Medium,Clear,Evening,West,4.5
SG10163,8.7,51,49.21,motorcycle,High,Clear,Morning,North,4.5
SG10164,5.6,46,23.1,Car,Medium,Rainy,Morning,East,5
SG10165,8.5,47,27.1,Car,Medium,Cloudy,Night,East,4.9
SG10166,8.4,66,34.88,Motorcycle,Medium,Rainy,Evening,Central,3.7
SG10167,5.1,37,32.1,Bicycle,Low,Clear,Night,Central,5
SG10168,3.7,49,34.36,Motorcycle,High,Rainy,Night,East,4.7
SG10169,8,48,61.58,Bicycle,Medium,Cloudy,Evening,Central,4.1
SG10170,2.6,17,34.43,Motorcycle,Low,Clear,Night,Central,5
SG10171,2.2,29,7,Motorcycle,Low,Rainy,Afternoon,Central,4.8
SG10172,6.5,46,37.48,Bicycle,High,Clear,Morning,North,3.9
SG10173,7.9,36,34.77,Motorcycle,Low,Clear,Morning,West,5
SG10174,6.5,52,33.78,Bicycle,High,Clear,Morning,North-East,4.5
SG10175,7,34,36.78,Motorcycle,Medium,Cloudy,Morning,North,4.7
SG10176,7.8,60,33.84,Car,High,Clear,Afternoon,West,4.2
SG10177,12.7,72,37.48,Bicycle,High,Clear,Evening,Central,3.6
SG10178,9,49,43.19,Motorcycle,High,Clear,Evening,West,4.7
SG10179,8.9,62,28.04,Bicycle,High,Clear,Evening,Central,4.2
SG10180,6.2,31,20.66,Motorcycle,Low,Clear,Morning,East,4.9
SG10181,6.4,58,72.41,Motorcycle,High,Cloudy,Evening,East,4.4
SG10182,4.8,32,22.57,Motorcycle,Medium,Clear,Afternoon,East,4.3
SG10183,6.8,45,34.78,Car,Medium,Clear,Morning,East,4.1
SG10184,2.5,45,10.54,Bicycle,High,Cloudy,Afternoon,North,3.6
SG10185,12.7,60,39.71,Car,High,Clear,Afternoon,North-East,4.5
SG10186,3,28,18.25,Car,Medium,Cloudy,Afternoon,North,4.4
SG10187,9,58,29.46,Car,Medium,Clear,Evening,West,4.3
SG10188,11.8,61,51,Motorcycle,Medium,N/A,Evening,West,4.4
SG10189,9,54,41.34,Car,Medium,Clear,Evening,Central,4.6
SG10190,18,167,49.79,Bicycle,Medium,,Morning,North,1.3
SG10191,1.1,34,7,Motorcycle,Medium,Clear,Evening,West,4.8
SG10192,3.9,46,55,Bicycle,Low,Rainy,Evening,East,5
SG10193,11.6,39,21.83,Motorcycle,Low,Clear,Morning,East,5
SG10194,2.1,51,49.57,Motorcycle,High,Cloudy,Evening,North-East,4.9
SG10195,3,34,43.71,Motorcycle,Medium,Cloudy,Afternoon,West,4.9
SG10196,7.5,48,41.48,Motorcycle,High,Clear,Afternoon,West,4
SG10197,5.5,31,21.32,Motorcycle,Medium,Clear,Morning,West,5
SG10198,7.2,39,35.71,Car,Low,Clear,Afternoon,East,4.6
SG10199,5.9,25,26.57,Bicycle,Low,Clear,Morning,West,5
SG10200,6.2,33,33.35,Motorcycle,Low,Clear,Morning,East,4.5
SG10201,3.3,40,27.36,Motorcycle,High,Rainy,Morning,East,N/A
SG10202,6.1,38,7,Motorcycle,Low,,Night,North,4.8
SG10203,4.1,30,45.85,Motorcycle,Medium,Clear,Afternoon,Central,5
SG10204,4.5,48,30.52,Bicycle,High,Cloudy,Afternoon,North,4.7
SG10205,8.9,58,28.85,Motorcycle,High,Rainy,Afternoon,East,4
SG10206,2.1,22,22.36,Bicycle,Low,Clear,Night,North,4.5
SG10207,0.9,45,33.37,Bicycle,Low,Rainy,Evening,West,5
SG10208,8.5,48,23.21,Bicycle,Low,Cloudy,Night,West,5
SG10209,6.1,45,7,Car,Low,Rainy,Afternoon,West,N/A
SG10210,11.8,51,42.7,Motorcycle,Low,Rainy,Morning,North-East,3.8
SG10211,3.1,42,37.23,Car,Medium,Clear,Evening,West,4.3
SG10212,5,54,29.42,Bicycle,High,Clear,Afternoon,North,4.6
SG-UNKNOWN,5.7,43,17.63,Bicycle,Medium,Cloudy,Evening,North,5
SG10214,3.5,32,31.98,Bicycle,Medium,,Night,Central,4.3
,2.8,18,11.23,Car,Low,Clear,Afternoon,East,5
SG10216,8.8,68,21.69,Car,High,Rainy,Night,East,4.1
SG10217,1.9,41,19.77,Motorcycle,Medium,Clear,Evening,East,5
SG10218,2.5,43,40.98,Bicycle,High,Clear,Afternoon,East,4.5
SG10219,4.9,46,27.21,Bicycle,High,Rainy,Afternoon,East,3.8
SG10220,9.5,47,29.74,Motorcycle,Medium,Clear,Morning,West,4.8
SG10221,3.7,29,56.37,Car,Low,Clear,Evening,Central,N/A
SG10222,3.4,27,35.29,Motorcycle,Low,Rainy,Morning,North,
SG10223,4.7,42,36.18,car,Medium,Clear,Afternoon,East,4.8
SG10224,6.8,53,28.6,Motorcycle,N/A,Clear,Evening,North,4.2
SG10225,4.2,28,23.63,Motorcycle,Medium,Clear,afternoon ,Central,4.5
SG10226,10.2,63,7.75,Car,High,Rainy,Morning,West,4.6
SG10227,10.5,53,48.98,Motorcycle,Medium,Clear,Evening,Central,4.6
SG10228,4.9,60mins,37.75,Motorcycle,Low,Clear,Morning,North,5
SG10229,16.1,57,38.56,Motorcycle,Medium,Clear,Afternoon,East,5
SG10230,5.6,34,30.7,Motorcycle,Medium,Clear,Afternoon,North-East,4.3
SG10231,10.3,62,45.78,Bicycle,Medium,Rainy,Afternoon,East,3.9
SG10232,6.6,40,13.1,Car,Medium,Clear,Morning,West,4.7
SG10233,6.6,37,25.58,Motorcycle,Low,Rainy,Evening,Central,4.5
SG10234,1.6,33,14.52,Bicycle,Medium,Clear,Night,West,5
SG10235,2.4,12,52.92,Motorcycle,Low,Clear,EVENING,West,5
SG10236,4.4,50,42.89,Bicycle,High,Rainy,Night,East,4
SG10237,10.4,43,7.72,Motorcycle,Low,Clear,Evening,Central,4.6
SG10238,6.7,37,13.68,Motorcycle,Low,Clear,Evening,Central,4.8
SG10239,4.4,48,29.81,Motorcycle,Medium,Rainy,Evening,Central,4.9
SG10240,7.9,56,28.18,Bicycle,Medium,Clear,Evening,North-East,4.5
SG10241,10.2,50,18.94,Motorcycle,Medium,Cloudy,Evening,East,4.7
SG10242,5.4,46,57.58,Motorcycle,Medium,Rainy,Afternoon,Central,4.7
SG10243,6.2,56,37.01,Bicycle,High,Clear,Evening,North-East,4.2
SG10244,5.7,33,38.72,Bicycle,Medium,Clear,Afternoon,Central,4.5
SG10245,5.2,42,23.13,Motorcycle,Medium,Clear,Morning,East,N/A
SG10246,3.1,32,39.85,Bicycle,Medium,Clear,Evening,North,4.7
SG10247,2.9,27,25.39,Car,Low,Clear,Morning,North-East,5
SG10248,7.9,46,30.61,Motorcycle,Medium,Cloudy,Afternoon,North,5
SG10249,10.3,46,44.2,Bicycle,Low,Clear,Morning,West,4.8
SG10250,4.4,31,10.35,Motorcycle,Medium,Cloudy,Morning,North-East,5
SG10251,4.3,40,52.23,Bicycle,Low,Clear,Evening,Central,4.6
SG10252,1.3,31,31.43,Motorcycle,High,Clear,Evening,North-East,4.3
SG10253,1.2,30,45.58,Bicycle,Medium,Clear,Afternoon,North-East,4.8
SG10254,12,58,23.61,Motorcycle,High,Cloudy,Morning,North-East,
SG10255,3.2,27,18.57,Motorcycle,Medium,Clear,Afternoon,Central,5
SG10256,18,67,27.3,Car,Low,Clear,Afternoon,Central,4.3
SG10257,3.6,57,34.15,Motorcycle,High,Rainy,Evening,North,4.7
SG10258,1.7,34,30.18,Car,Medium,Cloudy,Evening,West,4.5
SG10259,5.7,53,26.53,Car,High,Clear,Afternoon,West,4.1
SG10260,8.7,56,21.81,Car,Medium,Rainy,Afternoon,North-East,5
SG10261,8.1,35,18.04,Motorcycle,Medium,Clear,Night,West,5
SG10262,9.3,62,34.8,Bicycle,High,Clear,Evening,East,4
SG10263,2.7,27,24.07,Motorcycle,Medium,Clear,Afternoon,East,4.9
SG10264,11.8,48,28.54,Motorcycle,Medium,Clear,Afternoon,Central,4.4
SG10265,12.2,57,57.91,Car,Medium,Clear,Morning,Central,N/A
SG10266,12.6,59,36.99,Bicycle,Medium,Cloudy,Night,Central,4.5
SG10267,6.3,39,49.57,Motorcycle,High,Clear,Afternoon,North,5
SG10268,4.2,32,24.41,Motorcycle,Medium,Rainy,Afternoon,North,4.9
SG10269,3.9,44,34.32,Bicycle,Medium,Rainy,Night,West,4.9
SG10270,1.6,42,28.6,Bicycle,High,Cloudy,Evening,East,N/A
SG10271,3.7,33,8.87,Motorcycle,Medium,Cloudy,Morning,North,4.6
SG10272,0.8,32,47.25,Car,Medium,Cloudy,Morning,North,5
SG10273,1.5,25,27.43,Motorcycle,Medium,Rainy,Morning,North-East,5
SG10274,6.3,29,42.73,Motorcycle,Low,Clear,Evening,West,2.9
SG10275,4.5,45,21.83,Bicycle,Medium,Clear,Morning,North,4.9
SG10276,6.1,34,30.75,Car,Low,Clear,Night,West,5
SG10277,8.3,88,23.39,Motorcycle,Low,Cloudy,Night,West,2.7
SG10278,6.9,38,49.55,Motorcycle,Medium,N/A,Evening,North-East,5
SG10279,6.5,42,37.24,Motorcycle,Medium,Cloudy,Evening,East,3.4
SG10280,5.1,42,36.81,Car,High,Clear,Afternoon,East,5
SG10281,3.1,34,48.17,Motorcycle,Low,Rainy,Morning,East,4.8
SG10282,2.1,21,44.74,Motorcycle,Low,Clear,Evening,West,4
SG10283,3.7,48,40.95,Car,High,Clear,Morning,West,4.7
SG10284,5.1,25,13.6,Motorcycle,Low,Clear,Morning,North,5
SG10285,5.5,25,23.39,Motorcycle,Low,Clear,Afternoon,East,5
SG10286,9.3,35,22.39,Motorcycle,Low,Clear,Morning,Central,5
SG10287,4.8,26,41.3,Bicycle,Medium,Clear,Afternoon,North-East,4.8
SG10288,7.6,53,36.28,Motorcycle,High,Clear,Evening,East,3.5
SG10289,1.8,39,11.37,Motorcycle,High,Clear,Evening,North-East,5
SG10290,6.3,46,30.62,Motorcycle,Medium,Clear,Evening,Central,5
SG10291,6.1,31,13.42,Bicycle,Low,Clear,Evening,West,5
SG10292,11.8,62,36.76,Bicycle,Medium,Clear,Afternoon,West,3.3
SG10293,4.5,41,10.09,Motorcycle,Medium,Clear,Evening,North-East,4
SG10294,"3,5",33,38.38,Motorcycle,Low,,Afternoon,Central,4.4
SG10295,8.4,41,39.6,Car,Low,Clear,Afternoon,North-East,N/A
SG10296,2.3,30,54.61,Motorcycle,Medium,Clear,Night,West,4.9
SG10297,8.2km,32,44.01,Motorcycle,Low,Rainy,Afternoon,West,5
SG10298,2.2,37,24.24,Motorcycle,Medium,Rainy,Morning,West,4.1
SG10299,15.1,64,50.73,Motorcycle,Medium,Rainy,Afternoon,Central,4.5
SG10300,4,18,13.03,Motorcycle,Low,Clear,Afternoon,West,5
SG10301,2.1,24,17.15,Motorcycle,Medium,Cloudy,Afternoon,East,4.8
SG10302,3.7,44,35.31,Motorcycle,High,Clear,Evening,East,4.5
SG10303,6.3,39,N/A,Motorcycle,Medium,Rainy,Night,West,3.8
SG10304,7.4,64,33.46,Bicycle,High,,Afternoon,West,4
SG10305,11.4,59,23.88,Bicycle,Medium,Rainy,Evening,Central,4.3
SG10306,3.4,37,32.06,MOTORCYCLE,High,Rainy,Afternoon,Central,4.8
SG10307,8.6,52,20.87,Car,Low,Clear,Evening,Central,4.6
SG10308,1.5,36,34.71,Motorcycle,Medium,Rainy,Morning,Central,4.9
SG10309,2.5,28,30.27,Bicycle,Low,Rainy,Morning,West,4.8
SG10310,1.8,27,47.68,Motorcycle,Medium,Clear,Afternoon,Central,N/A
SG10311,3,52,30.5,Bicycle,Medium,Rainy,Evening,North-East,4.9
SG10312,8.4,97,24.69,Motorcycle,Low,Clear,Evening,Central,
SG10313,3.5,52,27.58,Motorcycle,High,Rainy,Evening,Central,4.5
SG10314,4,49,13.69,Motorcycle,Medium,N/A,Evening,North-East,4.4
SG10315,6.4,28,38.38,Motorcycle,Low,Clear,Afternoon,East,4.6
SG10316,7.2,34,41.45,Motorcycle,Low,Cloudy,Morning,East,5
SG10317,4,35,63.33,Bicycle,Medium,Clear,Morning,North-East,4.5
SG10318,2.5,37,21.93,Car,Medium,Rainy,Morning,North-East,N/A
SG10319,13.6,62,35.41,Motorcycle,Medium,Rainy,Afternoon,North,4.2
SG10320,4.1,32,23.76,Car,Low,Cloudy,Afternoon,Central,4.7
SG10321,4.3,55,34.22,Bicycle,High,Rainy,Afternoon,West,
SG10322,4.7,46,36.73,Car,High,Clear,Evening,North-East,4.3
SG10323,7.7,50,33.48,Bicycle,Medium,Clear,Afternoon,North-East,
SG10324,1.7,30,43.52,Bicycle,Medium,Clear,Evening,Central,5
SG10325,16.9,76,33.5,Motorcycle,High,Clear,Evening,East,4
SG10326,4.3,45,44.22,Bicycle,High,Clear,Afternoon,East,4.9
SG10327,7.9,47,41.31,Car,Medium,Clear,Afternoon,Central,4.3
SG10328,2.1,30,29.52,Motorcycle,High,Clear,Evening,North,5
SG10329,6,54,28.67,Motorcycle,High,Clear,Evening,East,4.2
SG10330,15.3,74,71.8,Motorcycle,High,Rainy,Afternoon,East,3.5
SG10331,14,67,28.59,Car,Medium,Clear,Afternoon,Central,3.6
SG10332,7.8,45,38.08,Motorcycle,Low,Rainy,Evening,West,3.8
SG10333,2.9,32,20.55,Bicycle,Low,Clear,Evening,Central,5
SG10334,11.1,61,60.06,Car,Medium,Clear,Morning,East,4.8
SG10335,1.5,28,40.71,Car,Medium,Clear,Afternoon,Central,5
SG10336,ten,32,21.42,Motorcycle,Medium,Clear,Night,North-East,4.4
SG10337,5.1,38,38.72,Bicycle,Medium,Clear,Morning,Central,5
SG10338,1.6,36,32.61,Car,Medium,Clear,Evening,West,4.6
SG10339,3.7,39,24.26,Motorcycle,High,Clear,Morning,Central,4.6
SG10340,8.7,47,44.82,Bicycle,Low,Clear,Afternoon,Central,5
SG10341,3.2,23,35.65,Motorcycle,Low,Cloudy,Afternoon,Central,5
SG10342,9,52,37.98,Bicycle,High,Clear,Morning,Central,5
SG10343,18,78,41.86,Motorcycle,High,Rainy,Night,Central,3.9
SG10344,6.9,49,39.1,Motorcycle,High,Clear,Afternoon,West,N/A
SG10345,8.9,57,38.08,Motorcycle,High,Rainy,Night,West,4
SG10346,11.3,71,37.8,Motorcycle,High,Rainy,Afternoon,Central,3.2
SG10347,4,50,22.84,Motorcycle,Medium,Rainy,Evening,East,4.3
SG10348,8.7,49,57.01,Bicycle,Medium,Rainy,Night,West,5
SG10349,3.9,26,17.46,Motorcycle,Low,Clear,Evening,Central,5
SG10350,6.6,31,38.8,Motorcycle,Medium,Cloudy,Morning,East,4.9
SG10351,9.6,74,31.5,Bicycle,High,Clear,Evening,Central,3.5
SG10352,3,48,53.25,motorcycle,Medium,Rainy,Evening,Central,4.6
SG10353,0.9,26,16.97,Motorcycle,Medium,Cloudy,Night,West,5
SG10354,2.8,20,20.66,Car,Low,Clear,Afternoon,North-East,5
SG10355,10.5,50,23.77,Motorcycle,Low,Rainy,Afternoon,North-East,4.5
SG10356,2.5,27,34.23,Car,Low,Clear,Morning,North-East,4.6
SG10357,10.1,46,18.24,Motorcycle,Low,Cloudy,Evening,East,4.9
SG10358,2.8,47,24.01,Bicycle,High,Cloudy,Night,Central,3.1
SG10359,4.6,47,7,Car,Medium,Clear,Morning,East,4.7
SG10360,5.3,50,35.37,Car,High,Cloudy,Evening,Central,5
SG10361,2.5,33,23.52,Bicycle,Medium,Rainy,Night,Central,4.1
SG10362,4.6,26,12.37,Bicycle,Low,Clear,Morning,Central,4.9
SG10363,1.6,26,43.43,Motorcycle,Low,Clear,Morning,East,5
SG10364,4.2,56,14.37,Bicycle,High,Clear,Evening,East,4.1
SG10365,5,39,42.38,Bicycle,Low,Cloudy,Evening,Central,5
SG10366,0.9,35,19.63,Car,High,Clear,Morning,North,5
SG10367,2.8,31,51.03,Motorcycle,Low,Rainy,Evening,East,4.9
SG10368,6.4,55,42.89,Motorcycle,Medium,Rainy,Evening,North-East,4.7
SG10369,2.3,37,16.76,Bicycle,High,Clear,Night,Central,five
SG10370,7.1,30,21.78,Motorcycle,Low,Clear,Night,West,
SG10371,7.6,44,41.93,Motorcycle,Low,Cloudy,Evening,Central,4.6
SG10372,6.4,48,29.72,Motorcycle,High,Cloudy,Afternoon,West,4.6
SG10373,8.7,42,32.74,Bicycle,Low,Clear,Afternoon,Central,3.9
SG10374,1.6,26,45.8,Motorcycle,Medium,Clear,Afternoon,Central,4.7
SG10375,9.9,49,26.15,Motorcycle,Medium,Clear,Morning,West,5
SG10376,2.6,43,31.23,Motorcycle,Low,Rainy,Evening,East,4
SG10377,5.7,50,44.98,Car,High,Clear,Morning,Central,3.5
SG10378,14.9,85,50.48,Bicycle,High,Rainy,Afternoon,North-East,3.7
SG10379,4.1,29,29.24,Motorcycle,Medium,Clear,Morning,Central,5
SG10380,5.4,49,28.56,Motorcycle,High,Rainy,Afternoon,West,4.5
SG10381,2.6,26,7.45,Motorcycle,Low,Clear,Afternoon,West,4.8
SG10382,14.9,58,26.15,Motorcycle,Low,N/A,Evening,Central,3.4
SG10383,2.8,39,34.35,Bicycle,Medium,Rainy,Evening,East,4.9
SG10384,8,55,32.61,Motorcycle,High,Rainy,Morning,Central,4.6
SG10385,11.3,52,38,Car,Low,Clear,Evening,North,3.6
SG10386,8.5,39,48.3,Motorcycle,Low,Clear,Evening,Central,5
SG10387,6.7,51,17.9,Bicycle,Medium,Clear,Afternoon,Central,4.8
SG10388,5.7,52,29.45,Motorcycle,High,Clear,Evening,East,4.9
SG10389,2.1,32,32.12,Car,Low,Clear,Afternoon,North-East,5
SG10390,14.5,69,30.41,Car,Medium,Rainy,Morning,North,4.3
SG10391,6.3,47,51.66,bicycle,Medium,Clear,Evening,North-East,4.7
SG10392,5.4,31,44.13,Motorcycle,Medium,Cloudy,Morning,West,5
SG10393,2.4,19,33.7,Motorcycle,Low,Clear,Night,North,4.3
SG10394,5.6,32,55.78,Bicycle,Low,Clear,Night,West,4.2
SG10395,5.2,39,12.65,Bicycle,Medium,Cloudy,Evening,North-East,4.4
SG10396,14.9,61,39.86,Motorcycle,Medium,Clear,Evening,West,4.1
SG10397,5.4,49,37.08,Motorcycle,High,Cloudy,Evening,East,4.6
SG10398,5.5,35,20.52,Motorcycle,Medium,Clear,Night,West,4.9
SG10399,2.4,43,SGD 38.20,Bicycle,Medium,Rainy,Afternoon,West,5
SG10400,3.2,41,16.14,Bicycle,High,Cloudy,Morning,Central,5
SG10401,7.4,60,42.9,Bicycle,Medium,Rainy,Evening,East,3.8
SG10402,1.4,30,42.85,Bicycle,Medium,Clear,Afternoon,East,5
SG10403,9.8,41,39.4,Motorcycle,High,N/A,Afternoon,North-East,4.3
SG10404,10,37,11.9,Motorcycle,Low,Clear,Morning,East,4.7
SG10405,2.9,41,17.77,Motorcycle,Medium,,Evening,North-East,4.8
SG10406,6.7,44,40.69,Bicycle,High,Clear,Afternoon,East,3
SG10407,11.5,43,37.49,Motorcycle,Low,Clear,Morning,North,5
SG10408,4.9,40,7,Motorcycle,Medium,Clear,Morning,Central,4.9
SG10409,4.3,23,47.6,Motorcycle,Low,Clear,Afternoon,North-East,4.8
SG10410,4.7,25,33.51,Motorcycle,Low,Clear,Night,West,5
SG10411,6.3,36,22.4,Bicycle,Medium,Clear,Afternoon,Central,4.6
SG10412,3.4,37,43.69,Motorcycle,Low,Clear,Evening,Central,4.8
SG10413,4.1,47,22.44,Motorcycle,High,Cloudy,Evening,East,4.3
SG10414,6.4,52,24.16,Bicycle,High,Clear,Afternoon,East,5
SG10415,3.8,51,35.73,Motorcycle,High,Clear,Evening,North,4.4
SG10416,2.3,31,52.98,Motorcycle,Low,Cloudy,Evening,North-East,4.9
SG10417,1.3,27,50.14,Motorcycle,Low,Rainy,Evening,North,5
SG10418,5.5,29,37.05,Bicycle,Low,Clear,Morning,West,5
SG10419,11.1,46,42.87,Motorcycle,HIGH,Cloudy,Morning,East,4.5
SG10420,6.9,55,43.81,Bicycle,High,Rainy,Night,North-East,4.8
SG10421,2.3,27,13.54,Car,Medium,Cloudy,Evening,North-East,5
SG10422,3.1,34,38.89,Bicycle,Low,Rainy,Night,East,5
SG10423,4.3,39,21.88,Motorcycle,High,clear ,Night,North-East,4.7
SG10424,15.2,71,44.33,Bicycle,Medium,Clear,Morning,East,4.1
SG10425,15.8,60,37.65,Motorcycle,Low,Clear,Evening,North,4.8
SG10426,14.6,50,46.22,Motorcycle,Low,Cloudy,Afternoon,North-East,4.2
SG10427,5.8,45,34.2,Motorcycle,Medium,Rainy,Evening,North,
SG10428,18,65,7,Motorcycle,High,Clear,Morning,Central,3.4
SG10429,3.2,19,32.93,Motorcycle,Low,Clear,Afternoon,West,4.6
SG10430,4.2,53,39.69,Motorcycle,High,Cloudy,Evening,Central,4.2
SG10431,9.3,70,41.28,Motorcycle,High,Clear,Evening,North,4
SG10432,6.4,63,31.8,Motorcycle,High,Rainy,Evening,East,5
SG10433,6.6,32,54.67,Motorcycle,Low,Clear,Afternoon,North,5
SG10434,2.6,26,34.16,Car,Low,Cloudy,Afternoon,North-East,4.6
SG10435,5.1,44,37.81,Motorcycle,High,Rainy,Night,Central,4.2
SG10436,3.3,48,44.2,Bicycle,Medium,Cloudy,Afternoon,East,
SG10437,2,28,34.29,Motorcycle,Medium,Cloudy,Afternoon,West,5
SG10438,3.6,62,19.17,Motorcycle,High,Rainy,Evening,East,4.2
SG10439,6.4,47,7,Motorcycle,Low,Rainy,Afternoon,Central,4.3
SG10440,8.4,55,28.52,Motorcycle,High,Rainy,Evening,Central,4.8
SG10441,1.3,31,38.9,Motorcycle,High,Clear,Afternoon,East,4.4
SG10442,5.3,38,27.66,Motorcycle,Medium,Cloudy,Evening,West,4.9
SG10443,5,31,42.41,Motorcycle,Medium,Clear,Night,West,5
SG10444,6.2,51,34.89,Motorcycle,High,Rainy,Night,Central,4.5
SG10445,2.4,49,46.65,Motorcycle,Medium,Cloudy,Evening,East,4.1
SG10446,2.4,23,26.09,Motorcycle,Medium,Clear,Afternoon,East,5
SG10447,11.3,64,43.08,Motorcycle,High,Clear,Evening,East,3.9
SG10448,3,36,36.94,Motorcycle,Medium,Clear,Evening,North,4.1
SG10449,4,32,50.75,Motorcycle,Low,Cloudy,Evening,East,5
SG10450,4.3,31,9.28,Motorcycle,Low,Clear,Evening,West,5
SG10451,3.3,23,24.7,Motorcycle,Low,Clear,Evening,North-East,4.9
SG10452,7.3,53,44.84,Motorcycle,Medium,Rainy,Evening,West,4.2
SG10453,6.9,58,53.6,Car,Medium,Rainy,Evening,West,3.8
SG10454,4.8,34,35,Motorcycle,Medium,Clear,Morning,Central,4.7
SG10455,3.5,34,26.96,Motorcycle,Medium,Clear,Afternoon,Central,4.6
SG10456,4.6,62,41.52,Motorcycle,High,Rainy,Evening,Central,3.7
SG10457,5.6,54,43.78,Car,High,Cloudy,Morning,North,5
SG10458,5 km,35,25.84,Bicycle,Low,Cloudy,Evening,North-East,5
SG10459,7.6,44,38.38,Bicycle,Medium,Clear,Evening,Central,4.8
SG10460,9.8,45,51.17,Car,Medium,Clear,Morning,Central,3 stars
SG10461,12.5,56,62.54,Motorcycle,low,Clear,Evening,East,4.7
SG10462,12,57,47.24,Car,Low,Cloudy,Evening,West,4.1
SG10463,4.3,43,32.02,Motorcycle,High,Clear,Evening,West,4.7
SG10464,5.8,46,31.93,Bicycle,High,Clear,Afternoon,North,4.4
SG10465,4.8,34,39.08,Motorcycle,Medium,Cloudy,Evening,North-East,5
SG10466,4.8,43,30.32,Motorcycle,High,Rainy,Afternoon,East,4.8
SG10467,4.6,57,34.12,Car,High,Rainy,Evening,West,4.1
SG10468,5.4,26,18.55,Motorcycle,Medium,Clear,Morning,West,4.4
SG10469,10.8,52,53.49,Car,Medium,Clear,Evening,East,4.5
SG10470,6.5,40,18.41,Motorcycle,Medium,Clear,Evening,North-East,4.6
SG10471,2.3,39,24.23,Bicycle,High,Clear,Evening,Central,3.8
SG10472,9.5,48,36.88,Car,medium,Cloudy,Afternoon,North,4.7
SG10473,6.1,45,58.8,Motorcycle,Medium,Clear,Evening,North,5
SG10474,7.3,57,31 dollars,Car,High,Cloudy,Evening,North-East,5
SG10475,6.5,108,24.51,Bicycle,Low,Rainy,Afternoon,West,3
SG10476,6.6,60,26.16,Bicycle,High,Rainy,Night,East,4
SG10477,6.8,40,55.04,Motorcycle,Medium,Clear,Evening,North-East,4.2
SG10478,1.4,28,7,Motorcycle,High,Clear,nite,North,4/5
SG10479,7.3,57,20.77,Bicycle,High,Clear,Night,West,4.4
SG10480,3.2,32,66.1,Motorcycle,Medium,Clear,Night,North,4.5
SG10481,3.8,48,38.74,Motorcycle,High,Clear,Evening,East,4.4
SG10482,5.3,120,17.9,Motorcycle,Medium,Clear,Evening,West,2
SG10483,13.7,56,38.38,Car,Medium,Rainy,Morning,North-East,4.7
SG10484,2.6,39,30.95,Motorcycle,Medium,Clear,Evening,East,4.3
SG10485,5.2,63,43.18,Bicycle,High,Rainy,Evening,West,4.1
SG10486,4.5,40,55.51,Car,Low,Clear,Evening,North-East,4
SG10487,9.4,46,40.6,Motorcycle,Low,Clear,Evening,North,4.3
SG10488,4.4,31,24.52,Motorcycle,Medium,Clear,Morning,North-East,4.7
SG10489,6.2,41,43.18,Bicycle,Medium,Clear,Afternoon,East,4.6
SG10490,2.6,30,21,Motorcycle,Medium,Clear,Afternoon,North-East,5
SG10491,10.4,54,22.91,Bicycle,Low,N/A,Afternoon,Central,5
SG10492,1.9,34,7,Bicycle,Medium,Clear,Morning,West,
SG10493,7.2,44,13.41,Bicycle,High,Clear,Morning,West,5
SG10494,6.2,35,21.32,Motorcycle,Low,Cloudy,Evening,North,5
SG10495,6.8,54,18.14,Bicycle,Medium,Clear,Afternoon,North-East,4.6
SG10496,1.9,38,33.58,Bicycle,High,Cloudy,Morning,North,
SG10497,4.4,24,15.89,Motorcycle,Low,Clear,Morning,West,5
SG10498,9.1,53,7,Bicycle,Medium,Rainy,Afternoon,East,4.9
SG10499,14.9,57,26.37,Car,Low,N/A,Morning,West,4.6
SG10500,5,49,25.84,Bicycle,High,Clear,Evening,West,3.8
SG10501,8.6,49,27.02,Motorcycle,Medium,Cloudy,Evening,Central,4.1
SG10502,5.8,58,52.42,Motorcycle,High,Rainy,Afternoon,West,4.1
SG10503,5.1,29,24.14,Motorcycle,Low,Clear,Evening,North-East,5
SG10504,4,36,42.67,Motorcycle,Medium,Cloudy,Morning,North,4.7
SG10505,5.4,49,32.04,Motorcycle,High,Clear,Afternoon,North,5
SG10506,8.1,43,33.97,Car,Low,Clear,Night,East,5
SG10507,8.6,42,23.99,Motorcycle,Low,Clear,Evening,West,5
SG10508,2.2,42,28.96,Bicycle,Low,Cloudy,Night,Central,5
SG10509,3.8,46,21.08,Motorcycle,High,Clear,Afternoon,East,4.1
SG10510,2.5,32,32.22,Motorcycle,Medium,Cloudy,Afternoon,West,5
SG10511,5.5,31,29.36,Motorcycle,Medium,Clear,Afternoon,Central,4.6
SG10512,4.3,40,19.12,Motorcycle,Medium,Rainy,Afternoon,Central,3.9
SG10513,6.7,56,46.23,Bicycle,Medium,Rainy,Night,North,4.2
SG10514,7,50,39.12,Car,Medium,Clear,Morning,East,5
SG10515,1,40,22.97,Car,Medium,Clear,Evening,East,4.9
SG10516,5.3,43,34.16,Motorcycle,Medium,Clear,Evening,Central,5
SG10517,10.9,54,35.64,Bicycle,Low,N/A,Evening,West,4.4
SG10518,3.8,43,19.75,Motorcycle,High,Clear,Afternoon,East,5
SG10519,3.7,40,31.88,Car,High,Cloudy,Afternoon,West,4.7
SG10520,9.8,39,27.74,Motorcycle,Medium,Clear,Afternoon,West,4.7
SG10521,8.8,57,22.77,motorcycle,Medium,Rainy,Evening,Central,3.7
SG10522,2.7,25,9.06,Motorcycle,Low,Clear,Afternoon,North-East,5
SG10523,8.3,53,29.96,Motorcycle,High,Clear,Night,Central,
SG10524,3.1,53,37.86,Motorcycle,High,Rainy,Evening,East,4.1
SG10525,3.7,47,21.92,Car,High,Clear,Afternoon,Central,5
SG10526,2.7,41,62.92,Bicycle,Medium,Rainy,Evening,West,N/A
SG10527,2.1,25,41.23,Car,Low,Clear,Afternoon,East,5
SG10528,5.8,20,49.56,Motorcycle,Low,Clear,Night,North-East,5
SG10529,1.9,22,39.87,Bicycle,Low,Rainy,Morning,East,5
SG10530,5.9,33,56.81,Motorcycle,Low,Cloudy,Night,West,4.8
SG10531,5.8,33,22.4,Motorcycle,Low,Cloudy,Evening,Central,5
SG10532,4.8,51,7,Motorcycle,High,Clear,Evening,Central,5
SG10533,3.9,31,25.32,Motorcycle,Low,Clear,evening,East,5
SG10534,3.4,45 min,37.98,Bicycle,Low,Clear,Evening,West,5
SG10535,2.5,42,31.93,Motorcycle,High,Cloudy,Afternoon,East,5
SG10536,12.5,54,41.59,Motorcycle,Medium,Clear,Evening,North-East,4.3
SG10537,4.7,36,48.92,Bicycle,High,Clear,Morning,North,5
SG10538,4.6,34,36.63,Motorcycle,Medium,Clear,Afternoon,North-East,5
SG10539,2.8,40,40.61,Car,High,Clear,Afternoon,East,5
SG10540,11.7,49,25.15,Motorcycle,Medium,Clear,Afternoon,North,5
SG10541,3.6,46,16.6,Bicycle,Medium,Clear,Afternoon,West,4.6
N/A,6.3,47,54,Bicycle,Medium,Rainy,Evening,West,4.4
SG10543,7.1,49,34.96,Bicycle,Medium,Cloudy,Afternoon,North-East,4.7
SG10544,5.8,40,24.5,Bicycle,Medium,Clear,Evening,West,5
SG10545,1.9,35,21.43,Car,Medium,Cloudy,Morning,North-East,
SG10546,8.1,55,26.01,Bicycle,Low,Rainy,Evening,North,4.5
SG10547,3.5,46,21.61,Motorcycle,High,Clear,Evening,Central,4.6
SG10548,8.8,33,18.33,Motorcycle,Low,Clear,Afternoon,North,4.7
SG10549,5.1,34,12.59,Bicycle,Low,Clear,Evening,West,4.7
SG10550,7.3,36,31.33,Motorcycle,Low,Clear,Night,North-East,4.8
SG10551,11.2,80,29.28,Motorcycle,High,Rainy,Evening,North,4.6
SG10552,7.9,52,48.7,Motorcycle,Medium,Rainy,Afternoon,Central,4.3
SG10553,7.4,36,37.76,Motorcycle,Medium,Clear,Afternoon,Central,4.8
SG10554,8.3,59,38.08,Motorcycle,High,Cloudy,Evening,Central,3.8
SG10555,3,41,20.77,Bicycle,Low,Clear,Afternoon,West,5
SG10556,9,65,33.62,Bicycle,High,Cloudy,Evening,Central,4.7
SG10557,4.5,53,36.25,Bicycle,Medium,Rainy,Afternoon,North,5
SG10558,4.5,28,40.95,Motorcycle,Low,Clear,Evening,West,5
SG10559,5.6,34,31.29,Motorcycle,Medium,Clear,Morning,North-East,5
SG10560,4.2,100,45.37,Bicycle,High,Cloudy,Morning,East,3.3
SG10561,2.6,30,30.2,Motorcycle,Low,Rainy,Night,West,5
SG10562,5.4,41,42.6,Bicycle,Medium,Clear,Evening,Central,4.8
SG10563,4.6,20,25.28,Motorcycle,Low,Clear,Night,North-East,
SG10564,4.5,39,8,Car,Medium,Clear,Night,Central,4.7
SG10565,5,42,35.5,Motorcycle,Medium,Cloudy,Afternoon,Central,4.8
SG10566,1.1,39,38.28,Bicycle,Medium,Cloudy,Afternoon,Central,4.6
SG10567,4.5,53,39.06,Bicycle,Medium,Rainy,Morning,North,4.3
SG10568,12.1,55,43.17,Motorcycle,Low,Rainy,Afternoon,Central,5
SG10569,11.5,62,32.68,Bicycle,Medium,,Afternoon,West,5
SG10570,5.5,47,21.9,Motorcycle,Medium,Rainy,Night,North,4
SG10571,5.4,42,39.47,Bicycle,Medium,Clear,Morning,North,4.1
SG10572,0.9,18,34.26,bicycle,Low,Cloudy,Morning,Central,4.7
SG10573,3.7,26,23.64,Motorcycle,Medium,Clear,Afternoon,Central,4.9
SG10574,8.2,43,49.02,Motorcycle,Medium,Clear,Morning,East,
SG10575,4.1,38,19.81,Bicycle,Low,Rainy,Afternoon,Central,5
SG10576,10,47,28.42,Motorcycle,Low,Cloudy,Evening,North,4.6
SG10577,9.6,63,56.98,Car,Medium,Rainy,Afternoon,East,4.4
SG10578,3.6,44,42.19,Bicycle,Medium,Clear,Evening,East,4.3
SG10579,5.8,41,27.95,Bicycle,Low,Cloudy,Night,Central,4.5
SG10580,12.7,57,41.89,Motorcycle,High,Clear,Evening,West,4.3
SG10581,1.9,37,31.5,Bicycle,Medium,,Evening,Central,4
SG10582,4.2,49,7,Car,High,Clear,Afternoon,North,3.9
SG10583,1.7,19,17.6,Motorcycle,Medium,Cloudy,Morning,Central,
SG10584,2.9,26,29.65,Motorcycle,Medium,Clear,Afternoon,North-East,5
SG10585,15,60,35.35,Motorcycle,Medium,,Night,North,4.3
SG10586,4.2,46,34.55,Motorcycle,High,Clear,Evening,Central,4.8
SG10587,1.2,38,43.68,Bicycle,Medium,Clear,Afternoon,Central,3.9
SG10588,2.6,47,25.9,Motorcycle,Medium,Rainy,Afternoon,East,3.9
SG10589,1.6,31,15.53,Bicycle,Medium,Clear,Evening,Central,5
SG10590,5.9,51,36.94,Motorcycle,Medium,Rainy,Evening,Central,3.2
SG10591,7,42,$24.50,Motorcycle,Low,Cloudy,Evening,North-East,5
SG10592,9.1,44,33.22,Motorcycle,Medium,Clear,Night,West,3.8
SG10593,8,54,30.58,Car,Medium,Cloudy,Evening,Central,4.7
SG10594,1.9,48,58.68,Bicycle,High,Cloudy,Evening,West,4.1
SG10595,6.8,53,7,Motorcycle,Medium,Rainy,Morning,Central,4.8
SG10596,4.9,51,26.85,Bicycle,Medium,Rainy,Morning,North-East,5
SG10597,9.9,49,35.86,Motorcycle,High,Cloudy,Night,Central,3.4
SG10598,8.5,53,24.67,Motorcycle,Medium,Cloudy,Evening,North,4.7
SG10599,16.2,61,52.64,Motorcycle,Low,Clear,Afternoon,North,3.4
SG10600,2.7,34,40.77,Car,Low,Cloudy,Evening,Central,5
SG10262,9.3,62,34.8,Bicycle,High,Clear,Evening,East,4
SG10133,6.2,38,18.91,Motorcycle,Med,Rainy,Morning,East,5
SG10576,10,47,28.42,Motorcycle,Low,Cloudy,Evening,North,4.6
SG10455,3.5,34,26.96,Motorcycle,Medium,Clear,Afternoon,Central,4.6