Entity,Code,Year,Share of the population that was born in another country,Total number of international immigrants,GDP per capita
Afghanistan,AFG,2000,0.3771275,75917,1617.8264
Afghanistan,AFG,2005,0.3577773,87314,1908.1147
Afghanistan,AFG,2010,0.3616026,102276,2848.5862
Afghanistan,AFG,2015,1.0032939,339432,2967.6921
Afghanistan,AFG,2020,0.3688297,144098,2769.6858
Afghanistan,AFG,2024,0.2300487,98110,
Albania,ALB,2000,2.4223442,76695,6581.639
Albania,ALB,2005,2.10454,64739,8963.804
Albania,ALB,2010,1.8022878,52784,11828.375
Albania,ALB,2015,1.7950191,52031,13156.332
Albania,ALB,2020,1.6995398,48810,14662.796
Albania,ALB,2024,1.6612072,46377,18919.807
Algeria,DZA,2000,0.8093155,250110,11558.221
Algeria,DZA,2005,0.59719867,197728,13738.496
Algeria,DZA,2010,0.6003829,217268,14496.421
Algeria,DZA,2015,0.59839034,239473,15239.518
Algeria,DZA,2020,0.56849706,250378,14194.155
Algeria,DZA,2024,0.554228,259458,15442.124
Argentina,ARG,2000,4.1485777,1543851,22281.38
Argentina,ARG,2005,4.18586,1641560,23262.408
Argentina,ARG,2010,4.358772,1799680,28056.258
Argentina,ARG,2015,4.2703323,1856613,28669.207
Argentina,ARG,2020,4.231491,1912294,23877.094
Argentina,ARG,2024,4.2849092,1958039,26547.05
Armenia,ARM,2000,18.819962,588242,4589.0083
Armenia,ARM,2005,15.860157,476812,8362.9
Armenia,ARM,2010,7.1943836,210873,10438.564
Armenia,ARM,2015,6.5349,190896,13112.76
Armenia,ARM,2020,7.165228,207139,15052.936
Armenia,ARM,2024,9.235366,274645,20078.785
Australia,AUS,2000,22.944485,4389847,45013.01
Australia,AUS,2005,24.050474,4880921,49914.516
Australia,AUS,2010,26.555475,5879802,52589.816
Australia,AUS,2015,28.115314,6733056,55691.7
Australia,AUS,2020,29.540522,7604850,57059.742
Australia,AUS,2024,30.364773,8111404,60082.004
Austria,AUT,2000,11.482008,920045,53599.61
Austria,AUT,2005,14.267491,1174101,56959.637
Austria,AUT,2010,15.369897,1285706,59803.37
Austria,AUT,2015,17.821367,1540486,61026.0
Austria,AUT,2020,19.96374,1781046,60349.902
Austria,AUT,2024,25.513779,2327064,63314.46
Azerbaijan,AZE,2000,6.4040585,523518,5656.9297
Azerbaijan,AZE,2005,3.5118446,301922,10054.101
Azerbaijan,AZE,2010,2.7486727,251417,19925.39
Azerbaijan,AZE,2015,2.30022,224337,20678.754
Azerbaijan,AZE,2020,1.9534402,198894,19126.098
Azerbaijan,AZE,2024,2.1134655,218460,22072.105
Bahrain,BHR,2000,35.682613,238924,57968.996
Bahrain,BHR,2005,41.56008,387591,53478.266
Bahrain,BHR,2010,52.998985,643007,50704.848
Bahrain,BHR,2015,52.68061,721540,54149.914
Bahrain,BHR,2020,52.996777,785983,53814.246
Bahrain,BHR,2024,52.282288,840202,59129.14
Bangladesh,BGD,2000,0.73422134,987853,2712.935
Bangladesh,BGD,2005,0.7340388,1062270,3231.6138
Bangladesh,BGD,2010,0.8840529,1345546,4125.464
Bangladesh,BGD,2015,0.8923018,1422179,5352.7114
Bangladesh,BGD,2020,1.2720584,2115408,7015.1978
Bangladesh,BGD,2024,1.6745209,2906338,8486.785
Belgium,BEL,2000,10.502397,1076676,50477.992
Belgium,BEL,2005,11.865307,1243352,54370.87
Belgium,BEL,2010,14.333845,1567639,56265.016
Belgium,BEL,2015,16.09663,1814949,57534.4
Belgium,BEL,2020,17.73792,2046975,57358.836
Belgium,BEL,2024,20.010899,2349032,63083.184
Belize,BLZ,2000,15.152886,36488,11352.719
Belize,BLZ,2005,14.813518,41438,12702.742
Belize,BLZ,2010,14.485785,46390,11868.438
Belize,BLZ,2015,15.326956,54615,12339.48
Belize,BLZ,2020,15.875408,62043,10032.545
Belize,BLZ,2024,16.473415,68706,13277.936
Benin,BEN,2000,1.8646096,134655,2536.169
Benin,BEN,2005,2.9470181,248320,2632.4724
Benin,BEN,2010,3.1561675,309225,2733.574
Benin,BEN,2015,3.2241378,366284,2952.0022
Benin,BEN,2020,3.01661,394276,3317.8596
Benin,BEN,2024,2.8915854,418202,3901.326
Bhutan,BTN,2000,5.384318,32137,5287.574
Bhutan,BTN,2005,6.085682,40279,6850.804
Bhutan,BTN,2010,6.9010534,48420,9985.284
Bhutan,BTN,2015,6.9004536,51106,12400.298
Bhutan,BTN,2020,6.962543,53612,12979.937
Bolivia,BOL,2000,1.0766267,92658,6146.0293
Bolivia,BOL,2005,1.1510291,107745,6579.3125
Bolivia,BOL,2010,1.2064608,122846,7571.678
Bolivia,BOL,2015,1.2983371,143008,9141.929
Bolivia,BOL,2020,1.3889375,164121,9000.976
Bolivia,BOL,2024,1.4761086,183234,9844.276
Bosnia and Herzegovina,BIH,2000,1.9941483,82952,7827.902
Bosnia and Herzegovina,BIH,2005,1.1543288,47287,9811.211
Bosnia and Herzegovina,BIH,2010,1.0217837,38945,12138.83
Bosnia and Herzegovina,BIH,2015,1.0969603,38597,14219.543
Bosnia and Herzegovina,BIH,2020,1.0923973,36042,16746.39
Bosnia and Herzegovina,BIH,2024,1.0782956,34120,20428.525
Brazil,BRA,2000,0.39499414,687362,14005.348
Brazil,BRA,2005,0.34708732,641029,15221.014
Brazil,BRA,2010,0.3081327,596859,18062.158
Brazil,BRA,2015,0.32058427,646540,18357.068
Brazil,BRA,2020,0.50266546,1048866,17327.516
Brazil,BRA,2024,0.663353,1406299,19647.91
Bulgaria,BGR,2000,0.54196477,43360,12558.974
Bulgaria,BGR,2005,0.79367906,61074,17671.193
Bulgaria,BGR,2010,1.0256939,76287,21715.879
Bulgaria,BGR,2015,1.7248722,123803,24553.145
Bulgaria,BGR,2020,2.6589596,184363,28545.709
Bulgaria,BGR,2024,4.4260693,299100,34083.234
Burkina Faso,BFA,2000,4.3634315,520363,1428.574
Burkina Faso,BFA,2005,4.289784,597658,1664.9955
Burkina Faso,BFA,2010,4.169246,674438,1873.9714
Burkina Faso,BFA,2015,3.7527704,704676,2101.7026
Burkina Faso,BFA,2020,3.3707316,723989,2380.9316
Burkina Faso,BFA,2024,3.1416488,739820,2547.9326
Cambodia,KHM,2000,1.172212,146085,1922.0317
Cambodia,KHM,2005,0.848979,114096,2781.8904
Cambodia,KHM,2010,0.565682,82028,3711.5376
Cambodia,KHM,2015,0.4734098,73962,4968.5728
Cambodia,KHM,2020,0.4743722,79341,6128.782
Cambodia,KHM,2024,0.47579765,83925,7011.5815
Cameroon,CMR,2000,1.5238223,227242,3822.9443
Cameroon,CMR,2005,1.5549594,265503,4199.7227
Cameroon,CMR,2010,1.4819658,291474,4286.583
Cameroon,CMR,2015,2.2331712,508346,4698.667
Cameroon,CMR,2020,2.2098308,579209,4763.482
Cameroon,CMR,2024,2.207642,642948,4919.1416
Canada,CAN,2000,17.88631,5525404,48399.305
Canada,CAN,2005,18.763699,6086976,52356.56
Canada,CAN,2010,20.572044,7035001,52558.44
Canada,CAN,2015,22.384243,8049874,55660.867
Canada,CAN,2020,21.82991,8332892,54092.88
Canada,CAN,2024,22.157274,8805839,56691.906
Chad,TCD,2000,1.2314832,104825,1501.1449
Chad,TCD,2005,3.409439,352130,2695.812
Chad,TCD,2010,3.3870575,417034,2717.5076
Chad,TCD,2015,3.1880126,466968,2823.3606
Chad,TCD,2020,3.178544,547494,2513.0159
Chad,TCD,2024,6.254817,1269673,2605.7717
Chile,CHL,2000,1.0746382,166608,17525.271
Chile,CHL,2005,1.4773092,241522,20918.527
Chile,CHL,2010,2.104192,361531,24116.77
Chile,CHL,2015,3.3136714,598039,27811.375
Chile,CHL,2020,7.6210246,1476240,26248.562
Chile,CHL,2024,7.783161,1538324,30182.787
China,CHN,2000,0.056783687,720915,4066.0364
China,CHN,2005,0.065140635,853360,6298.323
China,CHN,2010,0.07472897,1010008,10476.3125
China,CHN,2015,0.08566562,1196007,14856.78
China,CHN,2020,0.099229366,1415116,19215.154
China,CHN,2024,0.11545786,1638718,23845.62
Colombia,COL,2000,0.2810519,109863,10813.494
Colombia,COL,2005,0.2622779,110495,11999.255
Colombia,COL,2010,0.28233936,126424,14037.064
Colombia,COL,2015,0.3097811,145504,16821.38
Colombia,COL,2020,3.8175135,1932807,15861.5
Colombia,COL,2024,5.7926426,3063518,18503.67
Comoros,COM,2000,2.5740561,13799,2408.417
Comoros,COM,2005,2.2287014,13209,2441.1357
Comoros,COM,2010,1.9268947,12618,2652.3555
Comoros,COM,2015,1.7277158,12555,3105.593
Comoros,COM,2020,1.5577881,12496,3424.5398
Comoros,COM,2024,1.4364872,12449,3567.514
Congo,COG,2000,9.706332,305880,7570.583
Congo,COG,2005,8.622568,318724,7876.118
Congo,COG,2010,9.528134,425173,8583.662
Congo,COG,2015,7.6534734,390142,8977.707
Congo,COG,2020,6.7377033,387606,6350.5093
Congo,COG,2024,6.0886054,385589,6181.4707
Costa Rica,CRI,2000,7.896562,310946,14018.742
Costa Rica,CRI,2005,8.41065,358398,15703.963
Costa Rica,CRI,2010,8.906549,405779,18660.92
Costa Rica,CRI,2015,8.5449095,411697,21254.783
Costa Rica,CRI,2020,10.343581,520729,22211.861
Costa Rica,CRI,2024,12.249805,628404,26973.436
Cote d'Ivoire,CIV,2000,12.189042,2157339,4838.3403
Cote d'Ivoire,CIV,2005,11.500974,2308068,4032.2458
Cote d'Ivoire,CIV,2010,10.933782,2458796,4338.6523
Cote d'Ivoire,CIV,2015,10.33625,2609525,5110.8623
Cote d'Ivoire,CIV,2020,9.545953,2760255,5787.8154
Cote d'Ivoire,CIV,2024,9.021163,2880839,6733.154
Croatia,HRV,2000,13.529445,585298,21302.537
Croatia,HRV,2005,13.427915,579273,27641.578
Croatia,HRV,2010,13.3278,573248,28704.527
Croatia,HRV,2015,13.411313,561093,29471.752
Croatia,HRV,2020,13.355124,528056,32493.625
Croatia,HRV,2024,13.620303,527831,42631.316
Cyprus,CYP,2000,8.449803,80076,36122.703
Cyprus,CYP,2005,11.856283,122849,41363.28
Cyprus,CYP,2010,16.711237,188472,42103.492
Cyprus,CYP,2015,14.488947,176693,37903.125
Cyprus,CYP,2020,14.618271,190366,44203.89
Cyprus,CYP,2024,14.876292,202062,53252.46
Czechia,CZE,2000,6.2423587,639018,29427.406
Czechia,CZE,2005,6.524115,670689,35535.746
Czechia,CZE,2010,6.6150103,692197,39097.387
Czechia,CZE,2015,6.5376263,688047,42066.574
Czechia,CZE,2020,6.4475136,680221,45119.938
Czechia,CZE,2024,9.549296,1025199,47961.81
Democratic Republic of Congo,COD,2000,1.4738165,744387,886.72076
Democratic Republic of Congo,COD,2005,1.0599767,623009,918.53485
Democratic Republic of Congo,COD,2010,0.86034983,589882,1031.2501
Democratic Republic of Congo,COD,2015,0.9995837,810018,1267.9055
Democratic Republic of Congo,COD,2020,0.9926774,952871,1277.6328
Democratic Republic of Congo,COD,2024,0.9929787,1085090,1504.1438
Denmark,DNK,2000,6.9691353,372128,57431.973
Denmark,DNK,2005,7.8081503,423167,60635.625
Denmark,DNK,2010,9.188241,509751,59696.355
Denmark,DNK,2015,10.851046,616741,61893.246
Denmark,DNK,2020,12.327057,718856,65204.55
Denmark,DNK,2024,14.1779585,847475,73709.0
Dominican Republic,DOM,2000,4.1426272,355611,10896.318
Dominican Republic,DOM,2005,4.0695457,375417,12022.508
Dominican Republic,DOM,2010,4.0272093,395479,14975.001
Dominican Republic,DOM,2015,5.263996,549289,17973.188
Dominican Republic,DOM,2020,5.4848976,603794,19545.41
Dominican Republic,DOM,2024,6.46391,738667,24229.469
Ecuador,ECU,2000,1.1867173,150585,9183.052
Ecuador,ECU,2005,1.0429965,144415,10660.205
Ecuador,ECU,2010,2.3803227,358874,11665.698
Ecuador,ECU,2015,2.041912,332142,13881.57
Ecuador,ECU,2020,4.1123753,721560,12440.326
Ecuador,ECU,2024,4.123128,747749,13935.539
Egypt,EGY,2000,0.2454241,179364,9981.628
Egypt,EGY,2005,0.35627672,288944,10700.609
Egypt,EGY,2010,0.362322,323177,13128.988
Egypt,EGY,2015,0.5013106,499292,13425.912
Egypt,EGY,2020,0.5511333,602472,15309.236
Egypt,EGY,2024,0.9780651,1139820,16798.152
El Salvador,SLV,2000,0.5335865,31713,7545.4478
El Salvador,SLV,2005,0.5999256,36029,8050.5347
El Salvador,SLV,2010,0.66480464,40342,8648.93
El Salvador,SLV,2015,0.6801618,42059,9646.154
El Salvador,SLV,2020,0.68595415,42767,9692.449
El Salvador,SLV,2024,0.68382263,43342,11669.082
Estonia,EST,2000,17.860598,249512,20739.39
Estonia,EST,2005,17.24924,233701,30473.78
Estonia,EST,2010,16.36489,217890,30379.11
Estonia,EST,2015,14.808121,194664,36729.81
Estonia,EST,2020,14.986963,199277,41340.766
Estonia,EST,2024,14.9238615,203046,41546.12
Eswatini,SWZ,2000,3.272858,34084,6189.645
Eswatini,SWZ,2005,3.0946543,33392,7189.969
Eswatini,SWZ,2010,2.9359062,32637,8210.697
Eswatini,SWZ,2015,2.8309093,32352,9253.291
Eswatini,SWZ,2020,2.7548587,32858,9727.514
Eswatini,SWZ,2024,2.6768112,33268,10367.269
Ethiopia,ETH,2000,0.46199983,311441,810.27075
Ethiopia,ETH,2005,0.21791312,170773,952.11566
Ethiopia,ETH,2010,0.25080818,227078,1381.1904
Ethiopia,ETH,2015,0.76768655,797374,1957.4146
Ethiopia,ETH,2020,0.7359461,875170,2516.549
Ethiopia,ETH,2024,0.88479257,1168455,2884.2646
Finland,FIN,2000,2.631331,136203,46968.84
Finland,FIN,2005,3.6630957,192169,52744.047
Finland,FIN,2010,4.2600427,228481,54017.945
Finland,FIN,2015,5.7458444,314856,52782.49
Finland,FIN,2020,6.981539,386052,55424.86
Finland,FIN,2024,9.157978,514432,55628.68
France,FRA,2000,10.324422,6141350,45922.48
France,FRA,2005,11.099186,6839877,48257.465
France,FRA,2010,11.546065,7322210,49130.42
France,FRA,2015,12.289782,7978076,50682.895
France,FRA,2020,13.065295,8610719,49311.332
France,FRA,2024,13.804598,9186757,54464.98
Gabon,GAB,2000,16.810575,214431,21717.225
Gabon,GAB,2005,15.977096,233824,20385.29
Gabon,GAB,2010,15.74698,270829,18530.576
Gabon,GAB,2015,18.554045,378686,20147.71
Gabon,GAB,2020,17.939463,416651,18681.484
Gabon,GAB,2024,17.713844,449746,18923.09
Gambia,GMB,2000,12.543194,182514,2658.6177
Gambia,GMB,2005,10.907916,181839,2653.6423
Gambia,GMB,2010,9.645702,185837,2824.2126
Gambia,GMB,2015,8.655315,192540,2495.9575
Gambia,GMB,2020,8.5724125,215659,2702.319
Gambia,GMB,2024,8.555726,236137,3030.974
Georgia,GEO,2000,1.7585653,76117,5706.2725
Georgia,GEO,2005,1.7708316,71296,8485.587
Georgia,GEO,2010,1.8757548,73078,11294.368
Georgia,GEO,2015,2.0225115,76685,14936.844
Georgia,GEO,2020,2.0910099,79368,17031.145
Georgia,GEO,2024,2.14257,81582,25000.633
Germany,DEU,2000,12.711256,10397459,49979.133
Germany,DEU,2005,13.663665,11210590,51289.28
Germany,DEU,2010,14.432533,11665950,54865.43
Germany,DEU,2015,15.408371,12646813,59699.34
Germany,DEU,2020,17.961895,15021300,60342.664
Germany,DEU,2024,19.810337,16750084,62829.797
Ghana,GHA,2000,0.9757099,191601,3327.352
Ghana,GHA,2005,1.380578,309932,3721.3079
Ghana,GHA,2010,1.3258727,337766,4495.689
Ghana,GHA,2015,1.445299,414744,5607.366
Ghana,GHA,2020,1.4940255,476412,6412.6855
Ghana,GHA,2024,1.5461109,532286,7061.934
Greece,GRC,2000,10.309772,1111665,31386.64
Greece,GRC,2005,10.843009,1190707,38146.965
Greece,GRC,2010,11.875849,1321149,37566.75
Greece,GRC,2015,11.486324,1242924,31347.977
Greece,GRC,2020,12.528365,1340456,30487.113
Greece,GRC,2024,14.171874,1423964,37752.633
Guatemala,GTM,2000,0.41135818,48119,8770.404
Guatemala,GTM,2005,0.43716094,57214,9099.723
Guatemala,GTM,2010,0.45783094,66386,9825.018
Guatemala,GTM,2015,0.46865267,74852,10785.958
Guatemala,GTM,2020,0.4857373,84311,11097.15
Guatemala,GTM,2024,0.50380415,92732,12640.887
Guinea,GIN,2000,6.644752,560075,2358.2876
Guinea,GIN,2005,2.5245829,233419,2501.2217
Guinea,GIN,2010,1.7195125,178762,2594.8306
Guinea,GIN,2015,1.0763682,126657,2869.8516
Guinea,GIN,2020,0.90819937,121437,3630.9934
Guinea,GIN,2024,0.7957825,117416,4028.4834
Honduras,HND,2000,0.43268442,28461,4579.6895
Honduras,HND,2005,0.37353134,27934,5056.6753
Honduras,HND,2010,0.32618213,27288,5396.0723
Honduras,HND,2015,0.41494787,38330,5812.5347
Honduras,HND,2020,0.38731614,39195,5603.264
Honduras,HND,2024,0.36857653,39901,6585.8555
Iceland,ISL,2000,5.649886,15892,47771.21
Iceland,ISL,2005,8.587965,25492,55333.227
Iceland,ISL,2010,11.029426,35091,54588.973
Iceland,ISL,2015,11.805942,39072,59978.332
Iceland,ISL,2020,17.845472,65424,59627.242
Iceland,ISL,2024,25.119219,98818,65645.09
India,IND,2000,0.6041597,6391543,3099.503
India,IND,2005,0.51572883,5954999,3881.966
India,IND,2010,0.45044795,5601237,5059.2827
India,IND,2015,0.39549693,5252296,6488.146
India,IND,2020,0.35147253,4929816,7399.531
India,IND,2024,0.33056286,4796255,9817.071
Indonesia,IDN,2000,0.13312104,287645,6056.382
Indonesia,IDN,2005,0.037903313,87508,7140.8545
Indonesia,IDN,2010,0.045994945,113288,8848.225
Indonesia,IDN,2015,0.07338409,192119,10893.662
Indonesia,IDN,2020,0.11160313,306702,12388.545
Indonesia,IDN,2024,0.15722927,445726,14470.4375
Iran,IRN,2000,3.7285743,2476469,10908.293
Iran,IRN,2005,3.5531962,2552206,13056.25
Iran,IRN,2010,3.516362,2722397,14737.156
Iran,IRN,2015,3.3042364,2729939,13905.192
Iran,IRN,2020,3.1886973,2797235,14397.153
Iran,IRN,2024,4.194331,3840654,16224.035
Iraq,IRQ,2000,0.86195755,210525,12702.164
Iraq,IRQ,2005,0.4747452,134863,10078.443
Iraq,IRQ,2010,0.38803214,120466,11816.841
Iraq,IRQ,2015,0.95672756,359352,13516.027
Iraq,IRQ,2020,0.8684603,365766,12827.635
Iraq,IRQ,2024,0.8057423,370980,12725.043
Ireland,IRL,2000,9.896452,376321,53744.543
Ireland,IRL,2005,14.934695,620579,63771.594
Ireland,IRL,2010,16.480978,751381,59285.81
Ireland,IRL,2015,17.0648,802470,81053.35
Ireland,IRL,2020,19.100166,951686,101970.81
Ireland,IRL,2024,23.144302,1216237,115337.164
Israel,ISR,2000,30.078512,1838155,33275.062
Israel,ISR,2005,27.957186,1881017,33512.89
Israel,ISR,2010,26.622387,1953214,37722.41
Israel,ISR,2015,25.082752,2019891,40967.37
Israel,ISR,2020,23.508427,2068830,42915.94
Israel,ISR,2024,22.2815,2091569,47338.844
Italy,ITA,2000,3.742233,2143259,50353.42
Italy,ITA,2005,5.615038,3285903,51585.645
Italy,ITA,2010,7.84392,4719233,49301.695
Italy,ITA,2015,9.08984,5506199,47311.824
Italy,ITA,2020,10.388187,6223851,45505.07
Italy,ITA,2024,11.043738,6553671,53115.137
Jamaica,JAM,2000,0.9568123,24952,9518.231
Jamaica,JAM,2005,0.90373665,24284,10119.534
Jamaica,JAM,2010,0.8614304,23677,9654.072
Jamaica,JAM,2015,0.8265734,23165,9778.118
Jamaica,JAM,2020,0.834729,23629,9178.32
Jamaica,JAM,2024,0.8455625,24007,10259.995
Japan,JPN,2000,1.3003997,1651869,39005.914
Japan,JPN,2005,1.5452088,1976528,41075.824
Japan,JPN,2010,1.6864495,2161780,40881.797
Japan,JPN,2015,2.0251184,2577487,43386.71
Japan,JPN,2020,2.6040568,3289042,42992.48
Japan,JPN,2024,2.7551072,3409529,46097.43
Jordan,JOR,2000,34.04824,1834160,8086.922
Jordan,JOR,2005,36.97381,2229368,9839.688
Jordan,JOR,2010,51.02571,3723368,10953.538
Jordan,JOR,2015,45.962288,4386976,9581.689
Jordan,JOR,2020,45.46745,4940142,9022.64
Jordan,JOR,2024,45.70436,5280168,9520.251
Kazakhstan,KAZ,2000,11.182262,1733374,12935.864
Kazakhstan,KAZ,2005,11.558263,1845637,20565.53
Kazakhstan,KAZ,2010,11.028633,1856870,26374.84
Kazakhstan,KAZ,2015,10.616578,1919920,30893.76
Kazakhstan,KAZ,2020,10.215871,1990268,32011.549
Kazakhstan,KAZ,2024,10.148306,2089797,35905.44
Kenya,KEN,2000,2.310004,707852,3756.6362
Kenya,KEN,2005,2.160419,773354,3844.7356
Kenya,KEN,2010,2.2955718,954925,4211.5244
Kenya,KEN,2015,2.3931222,1126886,4679.622
Kenya,KEN,2020,2.011108,1050147,5057.4014
Kenya,KEN,2024,1.7587882,992536,5823.4077
Kuwait,KWT,2000,57.140575,1116932,60585.3
Kuwait,KWT,2005,60.53095,1353949,78193.9
Kuwait,KWT,2010,63.594646,1871827,62956.215
Kuwait,KWT,2015,68.08753,2610785,57763.516
Kuwait,KWT,2020,68.878,3030731,49372.574
Kuwait,KWT,2024,67.345955,3323191,45426.945
Kyrgyzstan,KGZ,2000,7.7574677,389824,3638.4631
Kyrgyzstan,KGZ,2005,5.8974347,309399,4156.9585
Kyrgyzstan,KGZ,2010,4.2256937,232065,4876.4795
Kyrgyzstan,KGZ,2015,3.4052985,204382,5600.2144
Kyrgyzstan,KGZ,2020,2.986297,199011,5537.7954
Kyrgyzstan,KGZ,2024,2.711046,194816,7046.31
Laos,LAO,2000,0.4041087,21948,2899.0195
Laos,LAO,2005,0.347064,20371,3630.5588
Laos,LAO,2010,0.5202714,32955,4946.1055
Laos,LAO,2015,0.66951454,45538,6703.741
Laos,LAO,2020,0.6633197,48731,7995.595
Laos,LAO,2024,0.6621261,51446,8610.901
Latvia,LVA,2000,18.1639,430178,14554.213
Latvia,LVA,2005,16.819702,376725,23213.354
Latvia,LVA,2010,14.95764,313786,24119.73
Latvia,LVA,2015,13.419406,265418,30599.613
Latvia,LVA,2020,12.593715,239422,34225.9
Latvia,LVA,2024,11.778109,220471,38936.047
Lebanon,LBN,2000,11.891789,514836,11571.732
Lebanon,LBN,2005,11.856945,553850,13024.665
Lebanon,LBN,2010,12.41516,625884,17390.758
Lebanon,LBN,2015,27.249523,1763717,14980.0205
Lebanon,LBN,2020,27.818928,1586346,12507.437
Lebanon,LBN,2024,24.502106,1422583,
Lesotho,LSO,2000,0.3077479,6167,1932.158
Lesotho,LSO,2005,0.32205608,6290,2275.016
Lesotho,LSO,2010,0.3213023,6414,2651.378
Lesotho,LSO,2015,0.43485472,9152,2986.9587
Lesotho,LSO,2020,0.53942186,12060,2517.1104
Lesotho,LSO,2024,0.64340085,15039,2637.9165
Liberia,LBR,2000,5.1865416,151868,1868.1798
Liberia,LBR,2005,2.6421268,87217,1335.6173
Liberia,LBR,2010,2.4431555,99165,1538.8508
Liberia,LBR,2015,2.4061093,112111,1714.0905
Liberia,LBR,2020,1.7078868,87947,1497.377
Liberia,LBR,2024,1.2903147,72423,1658.26
Libya,LBY,2000,10.696206,567436,17742.348
Libya,LBY,2005,10.674749,625412,20644.027
Libya,LBY,2010,10.575701,687192,21109.969
Libya,LBY,2015,11.805991,771146,12192.139
Libya,LBY,2020,11.7315855,826537,9976.037
Libya,LBY,2024,12.162962,897751,12275.91
Lithuania,LTU,2000,6.122468,214311,15771.427
Lithuania,LTU,2005,6.056384,201209,23944.701
Lithuania,LTU,2010,5.1900105,160772,26887.492
Lithuania,LTU,2015,4.681075,136021,35251.297
Lithuania,LTU,2020,5.1929975,145184,43091.797
Lithuania,LTU,2024,6.127571,175194,47169.008
Luxembourg,LUX,2000,32.043053,139750,114141.586
Luxembourg,LUX,2005,32.3657,150618,124866.86
Luxembourg,LUX,2010,32.15191,163142,131432.06
Luxembourg,LUX,2015,43.700134,248888,130097.26
Luxembourg,LUX,2020,47.26664,298062,129865.63
Luxembourg,LUX,2024,51.15759,344309,128181.7
Madagascar,MDG,2000,0.14253159,23541,1701.4432
Madagascar,MDG,2005,0.13600416,26058,1648.1763
Madagascar,MDG,2010,0.13030049,28905,1635.2451
Madagascar,MDG,2015,0.12614691,32075,1627.5806
Madagascar,MDG,2020,0.122827746,35563,1545.7272
Madagascar,MDG,2024,0.12083545,38625,1657.0497
Malawi,MWI,2000,2.0556839,232620,1239.3917
Malawi,MWI,2005,1.7263277,221661,1214.7427
Malawi,MWI,2010,1.4684689,217722,1504.3751
Malawi,MWI,2015,1.1549383,197328,1597.6914
Malawi,MWI,2020,0.97964114,191362,1656.4398
Malawi,MWI,2024,0.8622329,186719,1635.8569
Malaysia,MYS,2000,7.0264363,1613819,18532.91
Malaysia,MYS,2005,8.415784,2174308,20767.586
Malaysia,MYS,2010,10.7722645,3086876,23307.97
Malaysia,MYS,2015,11.249383,3513497,27699.627
Malaysia,MYS,2020,10.972984,3718696,29200.453
Malaysia,MYS,2024,10.705183,3806514,34071.945
Mali,MLI,2000,1.6391578,189475,1912.309
Mali,MLI,2005,1.9103091,258630,2314.0151
Mali,MLI,2010,2.139064,341078,2594.4155
Mali,MLI,2015,2.2616227,420504,2686.5598
Mali,MLI,2020,2.2374167,485829,2796.4104
Mali,MLI,2024,2.2277546,545323,2910.8154
Malta,MLT,2000,5.381663,21521,31038.125
Malta,MLT,2005,5.942127,24560,32745.594
Malta,MLT,2010,7.8097534,33008,37492.676
Malta,MLT,2015,11.830168,52642,46127.62
Malta,MLT,2020,22.14559,114760,50392.96
Malta,MLT,2024,36.96505,199466,60469.78
Mauritania,MRT,2000,2.1950371,57366,5008.608
Mauritania,MRT,2005,1.9805999,58211,5445.8296
Mauritania,MRT,2010,2.5043018,84920,5605.7637
Mauritania,MRT,2015,4.199539,166552,5969.5425
Mauritania,MRT,2020,3.9626262,182286,5963.2354
Mauritania,MRT,2024,3.7903275,195937,6396.991
Mauritius,MUS,2000,1.2775464,15543,13322.0205
Mauritius,MUS,2005,1.5627398,19647,15205.661
Mauritius,MUS,2010,1.9362147,24836,18819.998
Mauritius,MUS,2015,2.2119906,28585,22335.283
Mauritius,MUS,2020,2.2515962,28893,21994.666
Mauritius,MUS,2024,2.2925355,29142,27317.186
Mexico,MEX,2000,0.5335047,526172,20470.494
Mexico,MEX,2005,0.6632578,701803,20277.256
Mexico,MEX,2010,0.84277433,957593,20058.385
Mexico,MEX,2015,0.8992403,1088731,21408.928
Mexico,MEX,2020,1.0529684,1335154,19728.482
Mexico,MEX,2024,1.3190247,1726089,22033.275
Moldova,MDA,2000,5.906398,250134,5727.079
Moldova,MDA,2005,4.3689513,174263,8161.4736
Moldova,MDA,2010,3.6449971,132386,9649.951
Moldova,MDA,2015,3.094765,101730,11691.08
Moldova,MDA,2020,2.518335,77291,13559.26
Moldova,MDA,2024,6.2012987,188207,16465.928
Mongolia,MNG,2000,0.33423185,8206,5818.243
Mongolia,MNG,2005,0.447715,11477,7499.848
Mongolia,MNG,2010,0.5945075,16062,9507.119
Mongolia,MNG,2015,0.6680943,19886,13974.597
Mongolia,MNG,2020,0.6486294,21345,14801.342
Mongolia,MNG,2024,0.64994216,22589,16801.307
Montenegro,MNE,2000,11.627849,73743,14431.785
Montenegro,MNE,2005,11.630471,73743,16325.787
Montenegro,MNE,2010,12.421055,78512,19481.406
Montenegro,MNE,2015,11.417586,71719,21138.977
Montenegro,MNE,2020,11.678716,70999,21039.322
Montenegro,MNE,2024,14.446364,92237,27852.041
Morocco,MAR,2000,0.18658547,53034,5100.1157
Morocco,MAR,2005,0.18519577,56222,6103.4224
Morocco,MAR,2010,0.21926561,71189,7210.6367
Morocco,MAR,2015,0.2670628,92424,8198.809
Morocco,MAR,2020,0.2797874,102358,8054.563
Morocco,MAR,2024,0.2916638,111069,9065.914
Mozambique,MOZ,2000,1.079458,195702,711.9764
Mozambique,MOZ,2005,1.3233179,268694,970.38995
Mozambique,MOZ,2010,1.3325269,306471,1224.2302
Mozambique,MOZ,2015,1.212141,321794,1512.5997
Mozambique,MOZ,2020,1.1007453,338850,1466.1248
Mozambique,MOZ,2024,1.0197083,353143,1495.3224
Myanmar,MMR,2000,0.21640357,98011,1359.9304
Myanmar,MMR,2005,0.17501657,83025,2377.9026
Myanmar,MMR,2010,0.15586938,76414,3893.7903
Myanmar,MMR,2015,0.14349256,73309,5313.886
Myanmar,MMR,2020,0.14419279,76446,5926.8345
Myanmar,MMR,2024,0.1450493,79052,5276.2944
Namibia,NAM,2000,7.453178,135547,7858.3877
Namibia,NAM,2005,5.458557,107347,9245.137
Namibia,NAM,2010,4.9211044,103826,10614.62
Namibia,NAM,2015,4.279914,101618,12166.565
Namibia,NAM,2020,4.0088143,109391,9652.248
Namibia,NAM,2024,3.8293724,116035,10281.336
Nepal,NPL,2000,2.924652,717900,2340.8157
Nepal,NPL,2005,2.5873928,680729,2580.231
Nepal,NPL,2010,2.1281912,581889,3085.314
Nepal,NPL,2015,1.8310732,509471,3745.2617
Nepal,NPL,2020,1.6831952,487564,4412.542
Nepal,NPL,2024,1.5875287,470719,5046.816
Netherlands,NLD,2000,9.867748,1584638,56016.87
Netherlands,NLD,2005,10.540888,1735632,58422.01
Netherlands,NLD,2010,11.034661,1850649,61518.555
Netherlands,NLD,2015,11.831459,2024059,63081.395
Netherlands,NLD,2020,13.752667,2425521,64862.19
Netherlands,NLD,2024,16.21899,2956518,70901.836
New Zealand,NZL,2000,17.782316,685966,35879.793
New Zealand,NZL,2005,20.677523,855017,40848.297
New Zealand,NZL,2010,22.01087,956982,41270.93
New Zealand,NZL,2015,24.538229,1132201,44963.832
New Zealand,NZL,2020,26.507452,1343900,46104.605
New Zealand,NZL,2024,28.155058,1467989,48162.86
Nicaragua,NIC,2000,0.6050412,30389,4878.2476
Nicaragua,NIC,2005,0.6536562,34919,5356.9585
Nicaragua,NIC,2010,0.65089893,37345,5701.128
Nicaragua,NIC,2015,0.6547125,40261,6939.0327
Nicaragua,NIC,2020,0.64227396,42167,6523.3696
Nicaragua,NIC,2024,0.6326795,43757,7661.602
Niger,NER,2000,1.062241,122260,1190.5668
Niger,NER,2005,0.9051124,124509,1233.8755
Niger,NER,2010,0.7642955,126482,1336.5641
Niger,NER,2015,1.2688284,252998,1471.6614
Niger,NER,2020,1.4675001,348056,1615.6927
Niger,NER,2024,1.6618421,449236,1772.7245
Nigeria,NGA,2000,0.38603607,487882,3290.7056
Nigeria,NGA,2005,0.6686887,969714,4372.9756
Nigeria,NGA,2010,0.5943812,990494,5359.5186
Nigeria,NGA,2015,0.62888926,1199115,5985.094
Nigeria,NGA,2020,0.61149126,1308568,5410.6934
Nigeria,NGA,2024,0.6030962,1403281,5665.4517
North Macedonia,MKD,2000,6.1083884,125665,11987.585
North Macedonia,MKD,2005,6.109033,127667,13353.726
North Macedonia,MKD,2010,6.3222365,129701,16730.168
North Macedonia,MKD,2015,6.601305,130730,19214.016
North Macedonia,MKD,2020,7.0144205,131311,20970.287
North Macedonia,MKD,2024,8.277634,150902,24463.984
Norway,NOR,2000,6.511883,292440,77587.21
Norway,NOR,2005,7.8116875,361144,84080.0
Norway,NOR,2010,10.729876,524601,83256.79
Norway,NOR,2015,14.381656,746375,85550.3
Norway,NOR,2020,15.842993,852238,86096.055
Norway,NOR,2024,18.154308,1012404,91108.234
Oman,OMN,2000,24.133583,550760,42086.043
Oman,OMN,2005,24.734348,608416,41551.14
Oman,OMN,2010,29.135185,803387,48191.613
Oman,OMN,2015,43.680237,1827972,39813.79
Oman,OMN,2020,39.052364,1766142,37560.6
Oman,OMN,2024,43.232975,2283366,36654.23
Pakistan,PAK,2000,2.7001133,4181912,3531.713
Pakistan,PAK,2005,1.8093473,3174558,4042.1545
Pakistan,PAK,2010,1.9793715,3943681,4228.7817
Pakistan,PAK,2015,1.6137446,3506520,4645.286
Pakistan,PAK,2020,1.394279,3276580,5135.0146
Pakistan,PAK,2024,1.661946,4175958,5530.996
Palau,PLW,2000,32.902283,6310,15440.076
Palau,PLW,2005,30.490944,6043,17382.299
Palau,PLW,2010,29.843445,5490,16530.846
Palau,PLW,2015,27.78278,4937,20021.314
Palau,PLW,2020,28.597122,5088,18160.254
Panama,PAN,2000,2.7707567,83410,14572.976
Panama,PAN,2005,3.3039584,109461,16867.96
Panama,PAN,2010,4.3485317,157788,22739.111
Panama,PAN,2015,4.664353,184710,29933.156
Panama,PAN,2020,7.2943387,313165,26881.799
Panama,PAN,2024,10.580021,477749,36426.008
Paraguay,PRY,2000,3.4623127,176608,9998.593
Paraguay,PRY,2005,3.088106,168243,10290.101
Paraguay,PRY,2010,2.793653,160299,12738.576
Paraguay,PRY,2015,2.5403376,156462,14427.601
Paraguay,PRY,2020,2.5677423,169567,14991.66
Paraguay,PRY,2024,2.6097994,180837,16296.283
Peru,PER,2000,0.24852312,66103,7669.095
Peru,PER,2005,0.27470377,77195,8949.954
Peru,PER,2010,0.35295996,102662,12059.018
Peru,PER,2015,0.5008996,152562,14542.793
Peru,PER,2020,3.6078358,1184762,13609.6
Peru,PER,2024,5.3691835,1837219,15661.75
Philippines,PHL,2000,0.19762665,157361,4740.439
Philippines,PHL,2005,0.19171636,168741,5386.8164
Philippines,PHL,2010,0.1849204,178147,6273.039
Philippines,PHL,2015,0.12524286,131897,7691.763
Philippines,PHL,2020,0.0778114,87212,8455.185
Philippines,PHL,2024,0.07528422,87212,10375.94
Poland,POL,2000,2.1502051,822627,18566.355
Poland,POL,2005,1.9013739,724887,21568.947
Poland,POL,2010,1.7039192,649114,27112.133
Poland,POL,2015,1.7865922,683663,31700.37
Poland,POL,2020,1.9336637,738099,37852.8
Poland,POL,2024,4.5146265,1739901,45112.598
Portugal,PRT,2000,6.335302,651472,35069.83
Portugal,PRT,2005,7.342516,771184,35870.31
Portugal,PRT,2010,7.2109795,762825,36703.113
Portugal,PRT,2015,8.339361,864814,35803.355
Portugal,PRT,2020,9.661648,1001963,36852.227
Portugal,PRT,2024,10.812014,1127184,41883.85
Romania,ROU,2000,0.6087381,134204,14852.005
Romania,ROU,2005,0.6572736,139430,20568.717
Romania,ROU,2010,0.7248573,148107,24900.23
Romania,ROU,2015,1.0696986,212560,29178.744
Romania,ROU,2020,1.7467296,338734,35482.195
Romania,ROU,2024,3.447678,655579,40608.418
Russia,RUS,2000,8.111012,11900297,20104.75
Russia,RUS,2005,8.06899,11667588,27656.658
Russia,RUS,2010,7.7811294,11199727,33063.586
Russia,RUS,2015,6.2613573,9098229,35037.152
Russia,RUS,2020,4.9856844,7297611,36376.336
Russia,RUS,2024,5.2518654,7605774,41704.71
San Marino,SMR,2000,15.093846,4045,77149.414
San Marino,SMR,2005,14.762705,4218,81632.17
San Marino,SMR,2010,15.935214,4880,68669.25
San Marino,SMR,2015,15.324032,5195,59647.66
San Marino,SMR,2020,15.942363,5543,55998.07
Saudi Arabia,SAU,2000,32.262775,5219382,55962.266
Saudi Arabia,SAU,2005,32.126213,6605114,54931.793
Saudi Arabia,SAU,2010,35.683567,8976961,54911.547
Saudi Arabia,SAU,2015,44.209007,13251622,58498.54
Saudi Arabia,SAU,2020,42.17731,13071258,57420.734
Saudi Arabia,SAU,2024,40.290726,13683841,62676.7
Senegal,SEN,2000,2.326394,231901,3093.2878
Senegal,SEN,2005,2.1209433,238298,3301.8208
Senegal,SEN,2010,2.02678,256092,3403.5671
Senegal,SEN,2015,1.8261492,266496,3593.7947
Senegal,SEN,2020,1.637533,274929,4018.0413
Senegal,SEN,2024,1.523442,281867,4495.895
Serbia,SRB,2000,18.453852,1419951,11105.329
Serbia,SRB,2005,14.307122,1078633,15076.717
Serbia,SRB,2010,12.18308,901044,17840.436
Serbia,SRB,2015,11.112817,797595,18246.79
Serbia,SRB,2020,10.612492,733091,21477.877
Serbia,SRB,2024,10.577897,712550,26884.463
Sierra Leone,SLE,2000,2.214797,97974,1983.2887
Sierra Leone,SLE,2005,2.6578455,146227,2298.7239
Sierra Leone,SLE,2010,1.2738011,79265,2461.981
Sierra Leone,SLE,2015,0.83593184,58830,2630.535
Sierra Leone,SLE,2020,0.67924935,53746,2755.1025
Sierra Leone,SLE,2024,0.5785336,49997,3092.8306
Singapore,SGP,2000,32.697716,1319433,68314.55
Singapore,SGP,2005,35.014046,1494527,81841.16
Singapore,SGP,2010,42.551586,2160350,95456.19
Singapore,SGP,2015,45.88568,2535340,108953.73
Singapore,SGP,2020,46.06829,2589107,115893.04
Singapore,SGP,2024,48.72216,2841665,132569.53
Slovakia,SVK,2000,2.1631231,116376,18335.648
Slovakia,SVK,2005,2.4269743,130491,23257.13
Slovakia,SVK,2010,2.7137063,146319,29745.861
Slovakia,SVK,2015,3.2770276,177624,33507.727
Slovakia,SVK,2020,3.6143012,197161,36201.414
Slovakia,SVK,2024,5.883514,323991,40346.574
Slovenia,SVN,2000,10.796571,214508,30063.12
Slovenia,SVN,2005,10.877685,217218,35567.305
Slovenia,SVN,2010,12.412428,253786,38065.734
Slovenia,SVN,2015,11.535054,237616,38537.094
Slovenia,SVN,2020,13.221151,277964,42474.227
Slovenia,SVN,2024,14.873386,315122,48495.89
Somalia,SOM,2000,0.22737473,20097,702.5979
Somalia,SOM,2005,0.19511044,20768,830.50916
Somalia,SOM,2010,0.39232555,48106,994.86847
Somalia,SOM,2015,0.2968792,40990,1343.443
Somalia,SOM,2020,0.35186672,58590,1396.0535
Somalia,SOM,2024,0.4101814,77972,1408.2783
South Africa,ZAF,2000,2.115583,997703,11197.515
South Africa,ZAF,2005,3.058909,1513855,12877.307
South Africa,ZAF,2010,4.3452234,2274466,14182.334
South Africa,ZAF,2015,5.5754,3162564,14559.475
South Africa,ZAF,2020,4.357616,2639076,13266.786
South Africa,ZAF,2024,4.110632,2631100,13598.789
South Korea,KOR,2000,0.30882257,144426,25111.139
South Korea,KOR,2005,0.48429683,231744,31319.11
South Korea,KOR,2010,1.1607664,566098,37610.973
South Korea,KOR,2015,2.573698,1312172,42459.902
South Korea,KOR,2020,3.3232539,1723389,46361.598
South Korea,KOR,2024,3.5026903,1811507,
Spain,ESP,2000,4.9339275,2023886,39945.9
Spain,ESP,2005,9.946678,4372449,43570.766
Spain,ESP,2010,13.409757,6281193,42695.527
Spain,ESP,2015,12.622926,5892847,43053.76
Spain,ESP,2020,14.987849,7146130,41553.45
Spain,ESP,2024,18.514776,8870527,48373.047
Sri Lanka,LKA,2000,0.20801269,40132,6428.6133
Sri Lanka,LKA,2005,0.19551334,39526,7452.742
Sri Lanka,LKA,2010,0.18659338,38959,9832.187
Sri Lanka,LKA,2015,0.1827246,39706,13329.779
Sri Lanka,LKA,2020,0.17841657,40254,13886.651
Sri Lanka,LKA,2024,0.17615463,40698,13752.837
Sweden,SWE,2000,11.521014,1022156,47875.086
Sweden,SWE,2005,12.480616,1126971,53205.88
Sweden,SWE,2010,14.630412,1372074,55527.94
Sweden,SWE,2015,16.717161,1638195,58975.977
Sweden,SWE,2020,19.644232,2033902,59572.477
Sweden,SWE,2024,21.421309,2272158,63258.906
Switzerland,CHE,2000,20.66415,1484514,67378.39
Switzerland,CHE,2005,23.417027,1740312,69692.59
Switzerland,CHE,2010,26.246075,2053953,74290.266
Switzerland,CHE,2015,28.799276,2385713,76566.08
Switzerland,CHE,2020,30.208487,2610189,77324.89
Switzerland,CHE,2024,31.089956,2773840,82026.41
Syria,SYR,2000,5.018161,834916,7807.93
Syria,SYR,2005,4.690091,882398,8828.946
Syria,SYR,2010,7.933287,1783595,9546.561
Syria,SYR,2015,4.302355,835716,5302.074
Syria,SYR,2020,4.127005,868711,4633.3496
Tajikistan,TJK,2000,4.765499,299499,1365.2333
Tajikistan,TJK,2005,4.0502143,280466,1965.3002
Tajikistan,TJK,2010,3.6565976,279808,2449.2737
Tajikistan,TJK,2015,3.1826248,275101,3041.4448
Tajikistan,TJK,2020,2.8312876,276031,3724.749
Tajikistan,TJK,2024,2.6133406,276777,4755.933
Tanzania,TZA,2000,2.7717342,949600,1839.9366
Tanzania,TZA,2005,1.968127,771153,2253.0933
Tanzania,TZA,2010,0.6922642,309847,2654.8035
Tanzania,TZA,2015,0.73925394,384567,3111.4446
Tanzania,TZA,2020,0.6987001,426017,3449.8215
Tanzania,TZA,2024,0.6744019,462371,3713.263
Thailand,THA,2000,1.2240291,771234,11622.525
Thailand,THA,2005,2.5839317,1705845,14458.255
Thailand,THA,2010,3.8502119,2640454,16730.37
Thailand,THA,2015,4.04482,2853248,18811.998
Thailand,THA,2020,4.208465,3015007,19957.258
Thailand,THA,2024,4.4362874,3179399,21737.178
Togo,TGO,2000,2.6841831,137968,2096.8591
Togo,TGO,2005,3.49413,204219,1944.7795
Togo,TGO,2010,3.795924,255564,1988.9521
Togo,TGO,2015,3.6196914,277384,2317.5479
Togo,TGO,2020,3.2288933,279936,2490.053
Togo,TGO,2024,2.963605,281994,2849.6038
Tonga,TON,2000,3.5879505,3684,5808.265
Tonga,TON,2005,4.07018,4301,5828.3706
Tonga,TON,2010,4.289572,4607,5488.7505
Tonga,TON,2015,3.7268486,3954,6194.639
Tonga,TON,2020,3.540074,3742,6995.3174
Trinidad and Tobago,TTO,2000,3.1636477,41753,19662.75
Trinidad and Tobago,TTO,2005,3.3144138,44812,29574.334
Trinidad and Tobago,TTO,2010,3.4778683,48226,35190.215
Trinidad and Tobago,TTO,2015,3.4999595,50021,38951.926
Trinidad and Tobago,TTO,2020,5.3239517,78849,30723.404
Trinidad and Tobago,TTO,2024,7.5261545,113478,31689.732
Turkey,TUR,2000,1.9549105,1279019,14737.441
Turkey,TUR,2005,1.9402807,1345188,17659.898
Turkey,TUR,2010,1.9365993,1420433,19564.79
Turkey,TUR,2015,4.687894,3750982,25746.432
Turkey,TUR,2020,7.643357,6580295,28378.553
Turkey,TUR,2024,8.097854,7083501,35294.395
Tuvalu,TUV,2000,2.2841575,218,3721.8994
Tuvalu,TUV,2005,2.1026156,209,3488.5364
Tuvalu,TUV,2010,2.072734,220,3506.0603
Tuvalu,TUV,2015,2.097966,230,4088.7659
Tuvalu,TUV,2020,2.298298,239,5154.4595
Uganda,UGA,2000,2.601217,624296,1487.005
Uganda,UGA,2005,2.280118,637596,1765.0378
Uganda,UGA,2010,1.5901273,515055,2244.606
Uganda,UGA,2015,2.19331,823181,2520.02
Uganda,UGA,2020,3.9949434,1776038,2678.009
Uganda,UGA,2024,4.114276,2057759,2881.866
Ukraine,UKR,2000,11.153066,5527087,10364.0625
Ukraine,UKR,2005,10.613099,5050302,15610.573
Ukraine,UKR,2010,10.372754,4818767,16811.795
Ukraine,UKR,2015,10.7352915,4915142,15403.71
Ukraine,UKR,2020,11.184837,4997387,17092.54
Ukraine,UKR,2024,13.375973,5064173,16319.845
United Arab Emirates,ARE,2000,67.94121,2373577,92547.23
United Arab Emirates,ARE,2005,69.000534,3218730,89986.13
United Arab Emirates,ARE,2010,78.491135,5446000,68799.93
United Arab Emirates,ARE,2015,79.069626,6859000,70234.734
United Arab Emirates,ARE,2020,76.03304,7184000,65784.68
United Arab Emirates,ARE,2024,73.97211,8157000,68584.66
United Kingdom,GBR,2000,8.039478,4747902,43247.637
United Kingdom,GBR,2005,9.88511,5989992,47804.785
United Kingdom,GBR,2010,12.242079,7713303,47013.883
United Kingdom,GBR,2015,13.874485,9071431,49983.348
United Kingdom,GBR,2020,15.620756,10520870,47144.723
United Kingdom,GBR,2024,17.133047,11845479,52517.984
United States,USA,2000,12.365475,34806848,55038.62
United States,USA,2005,13.372878,39545828,59604.754
United States,USA,2010,14.128083,43947211,59789.414
United States,USA,2015,14.700733,47942986,64359.473
United States,USA,2020,14.869079,50471028,67342.07
United States,USA,2024,15.162426,52375047,75491.61
Uruguay,URY,2000,2.7210164,88874,18752.059
Uruguay,URY,2005,2.5052567,82317,18811.32
Uruguay,URY,2010,2.2992666,76303,24879.836
Uruguay,URY,2015,2.339626,78799,28941.629
Uruguay,URY,2020,3.1852903,108267,27788.186
Uruguay,URY,2024,4.726409,160064,32038.773
Uzbekistan,UZB,2000,5.674325,1406498,3410.6504
Uzbekistan,UZB,2005,5.0458446,1329932,4160.955
Uzbekistan,UZB,2010,4.298493,1220149,5760.805
Uzbekistan,UZB,2015,3.8077981,1170873,7529.7637
Uzbekistan,UZB,2020,3.4597573,1162007,8727.411
Uzbekistan,UZB,2024,3.1763034,1154963,10450.205
Vietnam,VNM,2000,0.11174144,86213,4349.2236
Vietnam,VNM,2005,0.10112061,81997,5776.3633
Vietnam,VNM,2010,0.09651575,84408,7274.733
Vietnam,VNM,2015,0.10922479,101386,9248.024
Vietnam,VNM,2020,0.20456837,200639,11851.396
Vietnam,VNM,2024,0.32322556,326418,14415.216
Zambia,ZMB,2000,3.430981,343703,2220.5654
Zambia,ZMB,2005,2.1580245,252895,2564.4756
Zambia,ZMB,2010,1.073796,149962,3266.5076
Zambia,ZMB,2015,0.80557525,132107,3576.9255
Zambia,ZMB,2020,0.9861541,187955,3391.5955
Zambia,ZMB,2024,1.1691556,249205,3716.0374
Zimbabwe,ZWE,2000,3.4485965,410109,4071.0188
Zimbabwe,ZWE,2005,3.2220786,402226,2642.1724
Zimbabwe,ZWE,2010,2.9821103,398307,2563.4783
Zimbabwe,ZWE,2015,2.7813156,400482,3366.6338
Zimbabwe,ZWE,2020,2.6801314,416141,2987.2683
Zimbabwe,ZWE,2024,2.5796463,429108,3450.1296
